-0.8697173730781027,0.1497829792546681,0.4702730590749585,-0.2716426991412147,-0.9408044493628784,-0.20272452259725826,0.4120703034306152,-0.3040592823523176,0.8589214270502246
0.330176727686333,0.0022949051740691617,0.9439163426409078,0.9168895451505515,-0.23837322332304,-0.32014335600821053,0.22426968249846074,0.9711709117415055,-0.08080946540606115
-0.49498997828295566,0.36837462840362295,0.7869466656311164,0.5912325798292644,0.8064814335273346,-0.005633287151213029,-0.6367330350687577,0.46248008662448176,-0.6169953091620228
0.9062896699534647,-0.3547044362219643,-0.22983428173381443,-0.39655778814609904,-0.9017420478120295,-0.17205580451830735,-0.14622227872767396,0.24707497269498344,-0.9579003095685168
-0.06332808899700137,0.5684026578237207,0.820309680378647,0.9805650086411717,-0.11750055838447682,0.15711741662805856,0.18569280269446808,0.8143169145721255,-0.5499146712620122
-0.49255071442621245,0.10423953596811317,0.8640184678925446,0.35484668124621865,-0.8824711680713482,0.3087530895899424,0.7946556653839273,0.45867064072593855,0.39767275090114584
0.3856768763374424,0.5912482938505002,0.7082928787425902,0.2675704978494815,0.6630181472260162,-0.699151603823921,-0.8829832250610277,0.45916488483752016,0.09751016763893361
-0.5560560891217601,0.08843386510273915,-0.8264266920021422,0.4295467187569692,-0.8206614143941442,-0.3768347904980694,-0.7115414549804772,-0.5645301536920708,0.4183472999992619
-0.7929710712601885,-0.2215490334898046,-0.5675499149010621,0.5693605059535579,0.06209340500619498,-0.8197396070186224,0.21685362437547118,-0.9731703010339302,0.07690299591532146
0.7925258298714222,-0.6093441068051043,-0.024547270489879425,0.47931004346481354,0.5975038918366216,0.6428460013672399,-0.37704733286468445,-0.5212378139985439,0.7656020180470055
0.0957510661080313,-0.976679859434956,-0.1921670770795298,-0.9268377364635317,-0.15788950405054436,0.3406504289999208,-0.3630475776070298,0.1454900569963037,-0.9203418385083231
0.8301941329998397,-0.1801697850867162,0.5275571533724579,0.5347168852363855,-0.010271090754458312,-0.8449688499215885,0.15765644349579455,0.9835818996080196,0.08781282701141768
-0.02783272563777195,-0.17553736920454913,0.9840792505669034,0.15889253436916959,0.9711672748983787,0.17772812576573,-0.9869034916876698,0.16130950430524132,0.0008613451587782261
0.611360897178895,0.7312979239446172,0.30239245995049135,0.12072843280687162,0.29145726648797843,-0.9489348277533881,-0.7820885492785413,0.6166490154420491,0.08989712365664637
0.8084316068216437,0.584574117776399,0.0686399149017547,0.04246009724942246,-0.17423492365115023,0.983788255429921,0.5870566218290574,-0.7924110626475521,-0.16567809318202698
0.7238680144630076,-0.5378965760431483,0.4320675538830015,0.6848954444301155,0.4846448950835347,-0.5440933337841443,0.08326660696976634,0.6897728605494182,0.7192218524302605
-0.7788527567702923,0.14711911300762923,0.6097084138005346,0.26202824131146385,-0.8068829083211153,0.529415879072851,0.5698504926965817,0.5720978402748141,0.5898936150920404
0.9361783456524568,0.1323718334701431,0.3256498162676922,-0.10699763006185828,0.9897374606749486,-0.09471676777556534,-0.3348456544328665,0.05382802839095405,0.9407342510331852
-0.5409663563661606,-0.443528986593068,0.7145890002873305,-0.2692638997237085,0.8962583162446259,0.3524457162002805,-0.7967762255398319,-0.001751746007305266,-0.6042719402722792
-0.5711066855014375,0.682710513278959,-0.4557888862554048,0.413317014380427,-0.24057193227951834,-0.8782335629107718,-0.7092292995916144,-0.6899503608649531,-0.14478363216575607
-0.9970083222450872,-0.0736746097471655,-0.023376425146689174,-0.033936863820032186,0.14552322319280486,0.9887726132866127,-0.06944562367850465,0.9866078468115788,-0.1475881498011391
0.3071471855985375,-0.7561891861475505,-0.5777876090159796,-0.7366531455599807,-0.5732958116003637,0.3587116607221819,-0.6024970950265928,0.3154517826150061,-0.7331353376625158
0.6794237572484028,-0.16135654814654876,-0.715784480452527,-0.606401219829012,-0.6727141053600281,-0.42394963502702043,-0.41311126670226483,0.7220940359952353,-0.5549047526411741
-0.5311342708502342,-0.19669533340772172,-0.8241403594922498,-0.026257868114115096,-0.9683923347315713,0.2480459844368331,-0.846880694484466,0.15338589194825283,0.5091815564813276
0.7920564588830505,0.2586867982068083,-0.5529264927412617,-0.38113857836978404,0.9170962082196148,-0.11690991808852204,0.47684373752824144,0.30334087311589747,0.824987493649075
-0.023055267401487445,-0.33046562293270815,0.9435363939481844,0.9985975008943049,0.037380627821597345,0.037492930951212144,-0.04766010756067468,0.9430774945482268,0.3291403248220194
0.45375024042465106,0.6855172945986197,0.5693652238420965,0.16726506166150157,0.562051920350571,-0.8100123690275411,-0.8752903052484617,0.4627782164670509,0.14036810143914458
0.06778435048829778,-0.6030474143706461,-0.7948201669873239,0.9088480733705748,-0.29132176543739896,0.29854113370360025,-0.4115828730152332,-0.7426071942846465,0.5283314240485903
0.6206636715727745,-0.04516249200575688,-0.7827751631890429,-0.2435665925513827,0.9378437386970722,-0.24723356725899204,0.7452864696093118,0.3441067728228082,0.5710854639322912
-0.9518964345748988,-0.01873033690646339,0.30584694264119444,0.3064147097808414,-0.06401513895461708,0.9497431692908057,0.0017898249965916935,0.9977731387765415,0.06667503327700774
-0.8173517094742393,-0.3774047459570301,0.43531809145571787,0.15850312785388596,0.5791230251318029,0.7996832374276229,-0.5539069790859056,0.7226217402564766,-0.4135273618862816
-0.32370513860863315,0.020582301721456808,-0.9459341161488007,0.4875039821569953,-0.8532113930621468,-0.1853919796809547,-0.8108975586468602,-0.5211589849602504,0.2661549582024799
0.7076344206825198,-0.5461885151048327,0.4482539822833619,-0.38533724030685707,0.23344485987674668,0.8927590428720515,-0.5922573240560306,-0.8044759806014745,-0.045273156917602586
-0.8156119990902546,0.4868779903154601,0.31261300274681125,0.5712647876696613,0.5918641608157308,0.5686416776060542,0.09183468467162023,0.6423757760752421,-0.7608677631513869
-0.9515489504053891,0.02736025911561555,0.30627767010268425,0.06325270568569727,0.9921492069690684,0.1078844119142672,-0.300921402040202,0.12203019024722978,-0.9458091469542806
-0.8698786923624116,-0.480835688160282,-0.11003681913472523,0.47301530705878225,-0.8764086392914585,0.09035715944726969,-0.13988416587286115,0.026550667914789168,0.9898118418019318
-0.8301563727649282,-0.49195989011017743,0.26232777832429216,-0.5573106223137513,0.7454500899389981,-0.3656624586503226,-0.01566100297031109,-0.4497550777175526,-0.8930146152517557
0.27891479735083513,-0.1878402400087345,0.941765671519303,-0.04938429891479515,-0.9821912343925274,-0.18127760507899893,0.9590452162642995,0.004052569054851671,-0.2832240276611768
-0.6333624901913404,-0.29466510327257256,-0.7155588256265084,-0.4194246061917053,-0.6463625000323223,0.6374154989274253,-0.650334495271131,0.7038380463326274,0.28579196768823556
0.16753623563106945,0.9267588402366024,0.3362285856287037,0.9827056415179117,-0.1297010077066807,-0.13216380264180183,-0.07887478608174062,0.35255595391821043,-0.9324607592158398
-0.01542396271954316,0.47902161926979425,-0.8776675849353047,-0.7696018404873832,-0.566069171130775,-0.29542968810488524,-0.6383377699090494,0.6708978922067512,0.3773869496154839
0.7183568302516785,0.09633461615694648,-0.6889725002934842,-0.17398870661813626,0.9837706435948461,-0.0438548830842177,0.6735661767043454,0.1513768890249634,0.7234594964951491
-0.48631732996554566,-0.14509503517101288,-0.86165125505851,0.43014623730973134,0.8185977811493667,-0.38062039780549595,0.7605719355218565,-0.5557383408278183,-0.33568620381314584
0.06571916727088167,0.3234806184613711,0.9439498294576206,0.6156312340378317,-0.757633489141055,0.21677103083439866,0.7852892299849009,0.5668789867439084,-0.2489358143335778
-0.5985814876833222,-0.20381566458681802,0.7746995401262698,0.2049633648743158,0.8959310947799128,0.3940780283977588,-0.7743966823677763,0.3946728370125064,-0.4945130231472985
-0.5947633387849234,-0.660611483718358,0.4580928272925043,-0.6944978998282437,0.709233573382461,0.12108016155136299,-0.4048817580128417,-0.24613046533611999,-0.880619416128134
0.07461349326006317,-0.7126468305428719,0.6975437775084297,0.23685911711674804,-0.6668107018065375,-0.7065842105474388,0.9686746539794489,0.21794031952227624,0.11904382329345353
-0.2664768049055688,-0.8385921670822463,0.4751350226573726,0.864636794599926,0.009844061499919343,0.5023010132153344,-0.42590295358366004,0.5446707920950858,0.7224544292668061
0.38479518869378415,-0.5591553508424028,0.7343554700432376,0.5390877065130639,0.7819602233687902,0.31292595570760234,-0.7492109899384817,0.27546960393724246,0.6023283073723658
0.21965342542368527,-0.9647535557077169,-0.14492394367032146,-0.6430590940657408,-0.25489145036158667,0.722153273254311,-0.7336398123323122,-0.0654287802261646,-0.6763813277132404
-0.549155386499014,-0.8356118754976108,0.013459383584833007,0.5199968408168983,-0.35425570426631015,-0.7772426786629938,0.6542412758452065,-0.4198281666612494,0.6290569636036871
0.010507334074872365,-0.32551270998714665,-0.9454792814057129,0.8074969971957617,0.560446698715456,-0.18397852434122586,0.5897780900054421,-0.7615385568280643,0.26873933655823823
-0.1354719482678941,0.3547135838512504,0.925108439407999,0.857891790712061,0.5090983069141671,-0.06957434387748213,-0.4956501050755008,0.7842175637720254,-0.3732744111375905
0.04043026355325596,-0.8052031415859083,0.591619214164988,0.8910046383683222,-0.2389087539047403,-0.38604836706534507,0.45219036720738487,0.5427435011935821,0.7077805900962406
-0.48334199168352,-0.12936900444497038,0.8658199465040785,0.16664420462525606,-0.984533019266139,-0.05407811978532808,0.8594243585913911,0.11814565021031348,0.49742474525917824
-0.1764767601907915,0.2451527940228432,-0.9532869770931288,0.39009875296112195,-0.8717612270768036,-0.29640399103879045,-0.9037028914697239,-0.4241844770242532,0.0582117977812171
0.09567333416637858,-0.17786663765410834,0.9793927058841672,0.6438088175726433,0.7614627156030045,0.07539720924684706,-0.7591816775615725,0.6233281575190712,0.18736378651883767
-0.05437346461205528,-0.07153982785534346,-0.9959546070863416,0.9885826618586933,0.13651669765191043,-0.06377704865072836,0.1405270330522283,-0.9880512356617164,0.06330014762141745
-0.768162442198995,0.57643233039345,-0.2786614987256987,-0.20220793603131965,0.19453824864061797,0.9598264532829854,0.6074853191648584,0.7936501989497751,-0.03287778438630928
-0.28923431316840276,0.010789207500091269,0.9571975266827231,-0.9488467150486185,0.12903718941637776,-0.2881654300726713,-0.12662315517885397,-0.9915810590915106,-0.027084678759587533
0.3585428377368597,0.006782629328284634,-0.9334886338070725,-0.41938363630930764,0.8945513321460861,-0.15458098120934907,0.834005035418601,0.44691376136236605,0.32357949688038
-0.06387634821057908,-0.10575409762825458,0.9923385929077405,0.5664236797891007,-0.8225224350578546,-0.05119627721496389,0.8216349719391544,0.5588138461610724,0.11244135460414084
-0.5376211754756623,-0.4447566423967322,0.716348379438491,0.24915566961626265,-0.8954309394777635,-0.36895106033733205,0.8055339371983273,-0.019873642594026658,0.5922162732919505
-0.15880064565287944,-0.4933911603541939,-0.8551885861168698,-0.029404691269706407,0.8681590755165877,-0.49541415374363,0.98687269648702,-0.05352553112791997,-0.15237223646685827
0.5964492865928974,-0.563641629242671,-0.5714511022891559,-0.7594956863326042,-0.16601780758776075,-0.6289708975826466,0.2596431223140533,0.8091638902894894,-0.5271045889447266
0.2877471840890169,0.32758178852490355,0.8999398479207745,0.8730396614327123,0.2965728615294738,-0.3870998416037839,-0.39370459435253796,0.8970700695213529,-0.20065388796297623
0.35969194762440015,0.9005394277787424,0.24423439935869207,-0.756682479524688,0.4346780189083892,-0.4883509445657375,-0.5459426050369542,-0.009151988516892307,0.8377725903320369
-0.5031877403555591,0.06321664794822693,0.8618617948244693,-0.3174012462332535,0.9140959643538104,-0.25235890481941575,-0.8037776725223482,-0.40053991483280077,-0.4398968399298735
-0.625135345109578,0.3298077331443017,-0.7074126514651449,-0.6790376584462123,-0.6767036529374377,0.28456989389781473,-0.3848553737530691,0.6582545292357247,0.6469832424677165
0.9981869300698377,0.03660057741195796,0.0477833691870322,-0.060189912581020716,0.6091475742866305,0.7907695031829458,-0.00016450301526023392,-0.7922118595892296,0.6102461326915007
-0.5922752742294621,0.3702145852744285,0.7156473715360787,0.3954470629606658,0.9074225501590659,-0.14214758477934358,-0.7020196720407474,0.19881015143322128,-0.6838442101494324
0.8295378164966669,0.07677062200220691,0.5531485176689318,0.5566643307214945,-0.1928311862754113,-0.8080476201945084,0.04462996643884998,0.9782241078592431,-0.20269622813129828
-0.19956214460679833,0.5241751180445606,0.8278981797678423,0.15149099932469628,-0.8182308618029808,0.554570765472502,0.9681040375721716,0.23609045388605374,0.0838800931111604
-0.3103026726912659,-0.38971606463278874,-0.8670834102252152,-0.9447809868633513,0.22751699309272466,0.2358493262987132,0.1053619389635973,0.8923885963083442,-0.4387954591796206
-0.4530430542064616,-0.11180449857305808,0.8844499675697366,0.8643130565601967,-0.29817656868531484,0.40503539863402305,0.21843747685516623,0.9479401289036554,0.23172091126885774
-0.04031093357368243,0.8664607177028287,0.49761516587852966,-0.3801252888526423,-0.4738713439092548,0.7943240611968968,0.9240561635577746,-0.15713616420014564,0.3484658268630536
0.3532872428548389,0.1099482881588123,0.9290314838405492,0.9323185816848887,0.040641663802974404,-0.3593470709612131,-0.07726698053569458,0.9931060512826776,-0.08814865072491918
-0.7916651022190053,0.011026764931012456,0.6108557737991255,-0.4358153228981104,-0.7109021657286052,-0.5519810821845212,0.4281721269020065,-0.703204466153007,0.5676020688181789
-0.6416587888577883,0.7669552309783068,0.007326141997564206,0.4070005370349381,0.3323822934767212,0.8508070132741189,0.6500958095041286,0.5489095414165862,-0.5254272107599727
-0.5745747090445186,-0.65904934606379,-0.48530182688641976,0.3224132913840718,-0.7272646607274471,0.605917306895817,-0.7522722733593836,0.19167700099354898,0.6303541496847811
0.015883381584085643,0.8461188977194982,0.5327574768235501,0.5157237809494999,-0.46341198135859596,0.7206096844314905,0.856607669795576,0.263309981685544,-0.44372418639527855
0.34133010724687163,-0.5381033601600984,-0.7706740761640103,-0.71962812645747,0.3778531195698569,-0.5825481779583892,0.604672735864741,0.7534399735982549,-0.2582616670861366
-0.6064519667981465,-0.7856305328064414,0.12247725457784897,-0.12225033995821444,-0.06007498807050382,-0.9906794891328023,0.7856658744954887,-0.6157724106604616,-0.059611005046408705
0.5231814175622849,0.7912610443326658,-0.3165235600063565,-0.6183751365096186,0.6080396183586205,0.49789558448836807,0.586424244778666,-0.06475941806318569,0.8074111857708492
0.09175900317808416,-0.9954465112176725,0.0258172159678145,0.24872550761658413,-0.002193001586237475,-0.9685715320021107,0.9642177695918268,0.09529655843002538,0.24739171116825198
0.6541017136246654,-0.7467254490279628,0.12063188636203806,-0.7349107407363517,-0.6651290785381987,-0.13232351277559812,0.17904510991262293,-0.0021006325033947615,-0.9838386229252554
0.8500198939485724,-0.3947517531086685,-0.3487652983157738,-0.3647028142148623,0.036698404105270255,-0.9304004967968825,0.38007635705923287,0.9180546174132337,-0.11277270170933829
0.3951691490039271,-0.6742434860874843,-0.6238886640612318,0.6555873265358895,-0.26874174032291953,0.7056792006951416,-0.6434645296836783,-0.6878761505364213,0.33582703965308947
-0.3546462018883614,-0.5756297022300303,0.7368015454630413,0.9335658622289651,-0.1743637801564597,0.31313264449788447,-0.051776948218761776,0.7989040731402716,0.5992256916663665
0.07075057074072233,-0.9947516526274311,0.07391553513881022,0.6599172211470485,-0.008888818444528601,-0.7512857313567307,0.7479997446345952,0.10193202883125041,0.6558248573551673
0.5694575837193412,-0.7450658353839729,-0.3472678523677538,0.7942328186153774,0.6076122956862475,-0.0012361088790861785,0.2119251994898257,-0.27510761362505143,0.9377651682306861
-0.07606863379083251,0.7261108449676499,0.6833568641446149,-0.9909355625686953,-0.13115798445708848,0.029056736737245514,0.1107261206304081,-0.6749523123403013,0.7295060673336589
-0.1199203193382059,-0.3933766339892566,0.9115228690719201,-0.987828402242612,-0.044339317649668475,-0.14909417370631883,0.09906646623671844,-0.9183076002852443,-0.3832714267013977
-0.7457379887494211,-0.6525265685903264,0.1344765013662316,-0.5369424332389859,0.4691487038623451,-0.7011364468145118,0.39442068343757697,-0.5950702235434198,-0.7002312143346789
-0.21049297436464487,0.08217631579522017,0.9741353914448693,0.5410879390234928,-0.8201156038036834,0.18610276365768397,0.814196874218044,0.5662662355465344,0.12816395941731507
-0.7370985458080106,-0.3560961525122462,-0.5743529088754505,0.050710996337183456,-0.8766540614314651,0.4784412727035658,-0.6738799066734419,0.3235323581060984,0.6642384245435525
-0.23114679794748638,0.1779980666197657,0.9564976978949031,0.9725757233688822,0.0161646898066381,0.23202406150429905,0.02583834576979621,0.9838980592942954,-0.1768530146895999
-0.6141791666272689,-0.7481254214843761,-0.25118181663858075,-0.6709713246221028,0.6625864609916687,-0.33283128345363877,0.4154292151689549,-0.03588224406806553,-0.9089175054672154
0.7838537296483008,0.08543551145661873,0.6150399205731238,-0.16996569433127542,-0.92314099639799,0.3448512193973128,0.5972311054080623,-0.37484860164001155,-0.7090864069925413
-0.6572690390147591,0.07457627465002248,-0.7499571918529353,0.5799762286784279,0.6855025181618456,-0.4401293807072151,0.4812743339516079,-0.7242407589007216,-0.49381204787484045
0.5318783956385092,0.6070897194304737,-0.5903790687472196,-0.8409529761131963,0.46059368689509383,-0.28399216108678504,0.09951615054534377,0.6475303299106638,0.7555137375497705
0.12507462981276618,-0.7269660456754965,-0.6751864227101512,0.914039072450191,-0.18023886814732282,0.36338206400889694,-0.3858612587596657,-0.662596648681461,0.641932060380616
-0.5526630958374472,0.8330372124169803,0.024748842961129502,-0.5045374009124091,-0.3107949131444081,-0.8055113487990782,-0.6633291140752973,-0.45766311266269444,0.5920633088851015
-0.9198676395299146,-0.3907806805317911,-0.0336747007228361,-0.09046376413976481,0.12783512345582182,0.9876611203184519,-0.3816540752085943,0.9115638435864736,-0.15294288457632632
-0.5397819790747205,0.14906526525538186,0.828501636546676,0.20990440559922904,0.9769430958531843,-0.03901702160378651,-0.8152150364021826,0.1528454584184255,-0.5586257336219385
0.43413390496702253,-0.49887068310396954,0.750103855540993,-0.3962232754800129,-0.8535403878612151,-0.33834290632081604,0.8090332925942999,-0.15032247945369132,-0.5682149977296629
0.23743725835245477,0.6412079030306695,0.7297095130509683,0.07423326778090267,0.7370178234697681,-0.671784303063457,-0.9685623213302481,0.2136753448081866,0.12739653339264845
-0.8160529966977006,0.4689136724928593,0.3379015749148883,0.5364685073540885,0.3969633778190055,0.7447292241397552,0.21507916495555462,0.7890120686147868,-0.5755005720086093
0.34778249977886055,0.8898354552628475,0.29536451277147013,-0.6135313596776698,0.45420895120046734,-0.6459671039158583,-0.7089616375655574,0.04344066305355576,0.7039078812272461
-0.3489650372393298,0.745591088456167,-0.5677299812404676,-0.41478630886534185,0.4203559498455671,0.8070025981416022,0.8403426210554946,0.5171023150636433,0.1625714458119938
-0.1976384311233772,0.2994313384402343,0.933423764483731,0.320706838666893,0.9195557601616705,-0.22707780073309627,-0.9263294091063813,0.25447608436429175,-0.2777692357177812
0.3255282240205696,0.8402858811604894,0.4335331743804084,-0.3404033763768408,0.5319123602963856,-0.7753675143537901,-0.8821320290734606,0.104827853580372,0.45918863705069113
0.7432029021488278,0.21196506220694197,0.6346024414081363,0.6333299172478298,-0.5287126553974622,-0.5651160446681911,0.2157374843563741,0.8219085961505521,-0.5271845952011607
0.04510941500911769,-0.9915611080152418,-0.12153892277423411,0.972092023854114,0.015531104515436711,0.23408520233398655,-0.23022214888395953,-0.1287064639562312,0.9645892433047009
-0.9097508329851312,-0.2057366570775361,-0.3605909730115538,-0.1527229860536887,-0.6418123661776283,0.7515002170008455,-0.38604288804963577,0.738748478547356,0.5524686181406712
-0.6285541512252577,0.01741355587699532,0.7775708630402858,-0.13705374941063375,-0.9865848523720135,-0.08869384895571855,0.7655951598266433,-0.16231788916139642,0.6225085976179007
-0.2528251002285846,0.4856656218404733,0.8367845436291905,0.4207841809871032,-0.7236073645345797,0.5471133840643388,0.8712176201876425,0.4904296950161423,-0.021414306455138865
0.1577743023939745,-0.4622619194460956,0.8725945148430091,0.024374600519493833,-0.8815698685184938,-0.4714238493858803,0.9871743252098942,0.0956477116835393,-0.12782162139518038
0.07570839367722537,-0.529506380126769,0.8449208439444846,0.2688731501960326,-0.8051254016116107,-0.5286589796678051,0.9601955364562347,0.2672004511313346,0.08141529760883592
0.55649978648836,0.8224407240584387,-0.11789505099299527,-0.798084846505911,0.48969191389813604,-0.35108746380413103,-0.23101637477903222,0.2894703523212899,0.9288909245497783
0.6909327423171285,-0.4599355959424453,-0.5577375665841419,-0.6234510084879533,-0.7696498824728251,-0.1376513655032897,-0.3659518897471174,0.4428298838093856,-0.8185236150508302
-0.8875790782379573,0.4597913882047324,-0.028200340547983233,0.36860795964820836,0.6721764758268248,-0.6421113279089653,-0.27628165331458765,-0.5803194505423671,-0.7660925422975755
0.2708670752462057,0.9420457832187122,0.1979413293564775,0.474582194870273,-0.30958838597789096,0.8239701278442799,0.837497921107677,-0.12924694807788567,-0.5309354561082467
-0.6983954251003757,-0.29645313058796274,0.6514287156423653,0.5289170507061153,0.39940628599602535,0.748813309296253,-0.48217277367268463,0.8675195444896082,-0.12214440739277621
0.14178682082664107,0.9674508308321257,0.20960769871859114,-0.1435338598830324,-0.18941642752290044,0.9713492925058113,0.9794358215355166,-0.16781033015488533,0.1120051989255696
-0.13125043236719236,-0.5801516536145717,-0.8038640325401453,-0.9465356909766169,0.3143823535978889,-0.07234584613971029,0.29469222879275925,0.7513905739058285,-0.590397066163634
0.6491525551076176,0.7101765514027628,0.27248894662890527,-0.6059255634545396,0.6993447216046016,-0.37917169187068933,-0.4598425510428001,0.08103225408108275,0.8842955399915735
-0.7230914775436117,-0.20457733728323782,-0.6597627059586627,-0.24869147142341405,-0.8139835232796755,0.5249603564750994,-0.6444309638317,0.5436717179505538,0.5377079095156028
-0.7914004228889466,0.24967027751485926,-0.557987565432107,0.23160755750820478,0.967203868571985,0.10428142655559539,0.5657237046087785,-0.046705772074119085,-0.8232710737653062
0.5254618478459234,-0.8495679861614175,-0.046087778726916925,-0.846392376918285,-0.5164443305352548,-0.13001998981928992,0.08665904888102256,0.10732888869091141,-0.9904396593934486
-0.5204946848785656,0.6193285789583364,0.5878072764934186,0.22995143390125147,0.7646448025110946,-0.6020304510899159,-0.8223184426120582,-0.17818652384009553,-0.5404090503145391
0.7527805522543906,-0.3266805265881554,0.5714903968534032,0.18048385498226457,0.9373272042328075,0.2980659160250458,-0.6330458263335409,-0.12123343496409833,0.7645622512317032
0.39550614871869094,0.5299904971630902,0.7501232960270792,-0.6590373828646776,-0.4050936200449371,0.6336946322841657,0.6397222946815164,-0.7449894173179294,0.18906653265902673
0.9445880802932883,-0.1272401877900183,0.30259427155681784,-0.1485257391867342,-0.9877280455696802,0.04830541164438533,0.29273445879649107,-0.09057175390959475,-0.9518945813622772
-0.28321479453505916,0.44021284292258,0.8520575292094331,-0.5914381061080587,-0.7795494461365953,0.20616407948874216,0.7549770505119854,-0.44555057395782527,0.4811385863200701
0.721244469976329,0.31254528816571936,0.6181600580545235,-0.6831291138843474,0.17325668848196918,0.7094481895528721,0.11463432423210185,-0.9339687161472108,0.3384692142074077
0.33584692343996203,0.7155816252318707,-0.6124947196886082,0.8434638952459677,-0.5179155583093922,-0.14259078468670466,-0.41925589015828,-0.4687285057382207,-0.7775076118444135
-0.5098172573559177,-0.8369422379895998,0.19903279722460226,0.8549282375247426,-0.4671255522889619,0.22559128325706462,-0.09583356815295406,0.2851690878543674,0.9536742203432895
0.9421330540403312,-0.25108825664574275,0.2221260809973469,-0.07969667015998591,-0.8113467318158125,-0.5791070035297536,0.32562823779587774,0.5278931408404557,-0.7844074723022145
0.951460217378402,-0.29690227639463823,0.08107091351357656,0.24292841241712365,0.886210274652166,0.3944833780293265,-0.1889688894679223,-0.3556408122988903,0.9153198192111027
0.7862891361406099,-0.4841809114743665,-0.3838205822400684,-0.5041509611242567,-0.861896295372097,0.05446636045618825,-0.35718510997064473,0.15067720792378295,-0.9217999654087385
-0.4915937050699435,0.8707935790841285,0.007360146836760728,0.0451545561503115,0.017048962211330232,0.9988345203017288,0.8696532039810314,0.49135310675050176,-0.047701460063150014
0.9298800563144266,0.33149673375720734,0.15947725974878657,-0.06654909185433475,0.5779626595783744,-0.8133451804163195,-0.36179317191185634,0.745700395360895,0.559496757020595
-0.04458363823769873,0.8107518391919231,-0.5836897758642035,-0.29058980487918235,0.5484821235216235,0.7840439563426844,0.955808487356002,0.20456983019038882,0.2111428901812863
0.5387582976315293,0.3418254695624027,0.7699966526496199,0.30736034944464796,-0.9307390504706059,0.19812732148378448,0.784390918051988,0.12992370179269797,-0.6065069821445106
-0.6993447856065338,-0.6801832363990883,-0.2196989662392913,-0.6258971660574544,0.7311768032565882,-0.27135441750729605,0.34520951372492414,-0.05226133658010103,-0.9370694447759265
0.2053098250595684,0.5125892238445738,-0.8337266718370155,-0.5608795840059885,0.7597298948950608,0.3289750431993421,0.8020361388237305,0.4000784603064218,0.4434808424493264
0.44623869106601544,-0.8501459138600708,-0.2795048402849483,-0.15526661780741835,0.23404030869600212,-0.9597486188060524,0.8813417657131282,0.4716747386202756,-0.02756143967865987
-0.885409402585799,-0.46379683890645995,0.030703127414551917,0.15669889799069606,-0.36002824194053273,-0.9196875123506412,0.4376021539951105,-0.8094888246452725,0.391448844158793
-0.3454599447084927,0.779050543827511,-0.5231994617390817,-0.9349659386883213,-0.3336112098495214,0.12059126898496775,-0.08059851173980462,0.5308331289819789,0.8436350331040849
0.3501256295581211,-0.9347060299189978,0.061128398961489805,0.5521358191328389,0.25865709010258076,0.7926175288057754,-0.7566756773922617,-0.24376453263904307,0.6066471559895675
0.022709301803715998,0.8775296333330671,-0.4789843736844875,0.870204918848756,-0.2532120791147745,-0.42264292517656504,-0.4921663202851431,-0.40721663228889154,-0.769380872886944
-0.9598353517652758,0.1992950658858274,-0.1974780347663839,0.26085107190428314,0.3747263661453958,-0.8896835779095021,-0.10330932091547171,-0.9054621070089187,-0.41166194502644227
0.27087451464194046,0.9079753389017576,-0.3196995171465411,0.4395050411031577,-0.41213292916953126,-0.798111375397603,-0.8564241450136754,0.07567848201688698,-0.5106960458014285
-0.9241947780966373,0.21496748029977097,0.31567862542857694,-0.34376742486178613,-0.10810697387558821,-0.932811256258928,-0.166397024440957,-0.9706193201317553,0.1738107178633268
0.13833787335486114,0.6475549856429628,-0.7493565061868727,-0.4012008285652557,-0.6551273059396037,-0.6401922431355046,-0.9054835878988677,0.38920528462658244,0.16917067850113476
-0.8043068972168657,0.5613344180750893,0.19492071766151461,0.19913494610897617,-0.05443515676944277,0.9784590369277918,0.559853273927691,0.825796878652243,-0.06799872705175258
-0.18050180523985127,-0.9544697458642231,-0.23750074217787248,0.9800002919905493,-0.19509115293115453,0.039228430333510964,-0.0837766435445646,-0.2256699941903627,0.9705949349334813
-0.10828047048649281,0.9910106224460065,-0.07857026097959696,-0.7300378800600089,-0.0256214742186609,0.682926228619424,0.674774060992797,0.13130684010378435,0.7262495992103872
0.9519588331735487,-0.28019724609486935,0.1235470890944297,0.2692017990737184,0.5734269124874067,-0.7737648010930926,0.14596154054520352,0.769851335853885,0.6213084172660626
-0.5251814283846008,0.7573192478987368,0.3881391812765134,-0.35505938037919804,0.21950413016435277,-0.9087082993158646,-0.7733804391660359,-0.6150491798245752,0.15361381029213161
0.6390466120916953,0.6016200445976494,0.479241848665628,0.4453051748148582,0.21864595060771563,-0.8682725664017937,-0.6271544696940579,0.7682755171298713,-0.12817956514825024
0.24522334498622145,0.9069017863521153,0.3426290428219866,0.6165058457035167,0.126873714145893,-0.7770608746245159,-0.7481885145383883,0.4017862747408979,-0.5279978561913594
-0.7918543422429618,-0.021992114952680886,-0.6103138926412169,-0.5985034882406426,-0.17086111962291817,0.7826877106260108,-0.12149187312223755,0.9850496559469024,0.1221347619809331
0.9118999454596203,0.2398224341330079,-0.33305208234938377,0.2652013210866096,-0.9636545551523426,0.03222045356691548,-0.3132199686556696,-0.11770768208005732,-0.9423577626436159
0.5909831407618881,-0.7563413942627822,0.2805113592349603,0.42929321239321416,0.0004720011652120659,-0.9031650541335259,0.682968714604358,0.6541769428369748,0.3249711715400926
-0.8581761236375649,-0.20461579431124285,0.47081431322420775,0.4537275279155085,0.12668710824173535,0.8820893985402093,-0.24013552679702488,0.9706094751874855,-0.015880032940436717
-0.4876659641621284,-0.32146656873839896,0.8116903058318377,0.7784000452851453,-0.5810990356335068,0.23752322051936792,0.39531667925589176,0.7476517611624872,0.5336118131495269
0.792140942731245,0.6094028766657614,0.03377663038772885,-0.5371130687594635,0.6697529316876525,0.5127773024067921,0.2898659659508964,-0.4243337653396082,0.8578569679008641
-0.3948126269678449,-0.8945280521562808,0.20962479216981894,-0.160245748027056,0.29170786661159565,0.9429887702386286,-0.904679108759564,0.3387123919528215,-0.25851426597307836
0.8015613614126184,-0.5154829791020841,0.30294666551455923,0.5420976835653162,0.840303442792168,-0.0044972774817742395,-0.25224885602013775,0.16783152948022045,0.9529969004927884
0.4369123660126838,-0.7089508903334373,-0.5536210071164435,-0.7185627990786542,-0.6453177751946366,0.2592922536407406,-0.5410869506885639,0.2845234684753982,-0.7913730521576285
-0.3741640740477834,-0.32636808462437006,0.8680352061008725,0.9158729863476794,0.016837151464942912,0.4011149251886913,-0.14552635009010384,0.9450927910365025,0.29261185512601173
-0.19248453487657158,0.36167341580142776,0.9122181998490699,0.7510782142401097,0.6525589057355485,-0.10024166119489142,-0.6315308542955267,0.6658522470096133,-0.39725252072832884
-0.6877514531297759,-0.3016289867767795,0.6603165097541441,-0.5324041156542879,0.8279201565506935,-0.1763351128149204,-0.493501566717125,-0.4728299575038456,-0.7299918047037612
-0.12243794995370383,-0.8264718793426441,-0.5495026670244398,0.9071156294595485,-0.3178300709059434,0.2759081021248385,-0.4026787593123602,-0.464680835287793,0.7886200213758825
-0.04687447583795579,-0.3993666577149037,0.9155921888158198,-0.9913076940069627,0.1314000466587838,0.006563805349589724,-0.1229302213351735,-0.9073259064105337,-0.4020545488348428
0.1858570768474085,-0.11652557644622236,-0.9756428327106248,-0.9825508848376392,-0.014830453584369963,-0.18540177008662695,0.007134822388056128,0.9930769595959609,-0.1172486529949639
-0.7912154941411131,0.5620327416236541,0.24103368887778642,0.5874928849947898,0.5891400737254437,0.5547666929541442,0.16979444016673073,0.5805455803584916,-0.7963269913890207
-0.2740114547630865,-0.23271119269273738,0.9331469463348958,-0.9190591105526551,0.3491629598439496,-0.18279928551057023,-0.2832809099970905,-0.9077063006658797,-0.3095499923480607
0.4624974116318973,0.6798820045924412,0.5690840044010719,-0.6519851442557296,-0.17417356042448073,0.7379559217994631,0.6008423386410373,-0.7123370204337436,0.36271814597004304
-0.6295105736413993,-0.7365769209434734,-0.24732746957648905,0.7370181031116554,-0.6668489666680784,0.11007620696323979,-0.2460096611098319,-0.11299068628497112,0.9626590006089784
0.7424243047112176,0.6348302672591095,0.2140015970636495,0.2198852181233044,0.07082985354587934,-0.9729509867909771,-0.6328164367531329,0.7693982477354604,-0.08700398701594803
-0.6985622913353333,-0.3623415801540553,0.6170245573847049,0.14727642503440092,-0.9166540542911834,-0.3715575317237189,0.7002288052868255,-0.16868290975376904,0.6937043290938776
0.524971468809187,0.8088810883977305,-0.26479490510360604,0.8237932672929352,-0.40469819044274735,0.39696854713591156,0.2139383315330736,-0.4265334212988108,-0.8788057981237811
-0.3639224885009198,0.06543740809250043,-0.9291277457838797,0.020885266864461276,0.9978515657848973,0.06209716812084825,0.931195053676349,0.0031934750295274025,-0.3645073027059096
-0.057330719144505604,-0.2618537388710518,0.9634032427190726,0.5418799730840143,-0.8186374664523226,-0.1902598047171024,0.8384982310135434,0.5111411918049384,0.1888263716417422
-0.4826074213743745,-0.11893583712117839,0.8677236561732437,0.8758053974553487,-0.07392199181985903,0.4769700671042822,0.00741502680074424,0.9901463557341759,0.13983994995663795
0.5987800622745141,-0.5474541098543686,0.5845993795977635,0.7983793520468943,0.34997478266141235,-0.4900082261822535,0.06366197646719984,0.7601392300787128,0.6466339796574501
0.6248433821924686,0.7495990577527155,0.2183391864657318,0.7804948047802754,-0.6068678707117976,-0.1501307670290427,0.019965155678741894,0.2642208169580321,-0.9642555431236854
-0.4846763774232923,0.8677617334490639,0.10990169757246415,-0.7921450179568699,-0.48874057136764604,0.36556658001701514,0.3709381076324515,0.09012340351263898,0.9242741435555546
0.6576708676676482,-0.6760797436402612,0.3322426975278785,0.23698322661348034,-0.23296614256272052,-0.9431679207454576,0.7150580257050099,0.69903001127188,0.007004513979474325
0.5950174662884118,0.8032574747008988,-0.027048921399077497,0.23454203945927776,-0.20573157805119924,-0.9500866010626849,-0.7687289812007878,0.5589740129287744,-0.3108115286347992
-0.8757292919964141,-0.41791094696308884,-0.24176155101230173,0.21647313026214574,-0.7874662297982273,0.5770929914683367,-0.43155253563612334,0.4530423571099947,0.7800737347522044
-0.9467238574292649,-0.32050729884324536,-0.031448516061346785,0.3144357421423106,-0.8988284030913829,-0.30534843353063124,0.06959958216590482,-0.29896918433912645,0.951721243315462
0.8061488921373865,-0.5371392775743868,-0.24820427110049964,-0.3098042435887418,-0.02577047765151419,-0.9504510577278666,0.5041282518963524,0.8430998036819122,-0.1871828695993556
-0.937197994863052,-0.33758582793682,0.08772529396295727,0.3149470875750082,-0.7109568498197996,0.6287675959544416,-0.1498941308147041,0.6169085560036589,0.7726290074005666
-0.19846159137079766,0.8749526554115642,0.4416682550725408,-0.4515866151851823,0.3183182474342323,-0.833512460816267,-0.8698750058118467,-0.3648716817439404,0.3319429621564345
0.7881829965499413,0.18012147186561933,0.5884928371038327,0.6154408689826449,-0.23117108709575152,-0.7535200496847148,0.0003173884718906117,0.9560942337782039,-0.2930592353102466
-0.042645678797047504,-0.7283585889333746,0.6838677591515211,-0.2226744727146726,-0.6603439805154974,-0.7171902861850484,0.9739596630667936,-0.1828649592566396,-0.1340260474493149
-0.5889119546713728,0.8034666195576962,-0.08731609760903727,0.6679522157392489,0.5446933404049927,0.50709861211354,0.4549973045350604,0.2403134540032643,-0.8574537286004709
-0.3842206698426045,0.16806151257196006,-0.9078159531852945,-0.49771931916778805,-0.8658751507677347,0.050355760446107206,-0.7775924100663878,0.47118526215807843,0.41633459204367007
0.8450852275705256,0.08023282096894056,-0.528577007238717,-0.10145793069493374,-0.9466418236499827,-0.3059012030308752,-0.524916418528869,0.31214091714480596,-0.7918527649776972
0.7958588810173739,0.3353382065330283,-0.5041397908764845,-0.004198142680350292,-0.8295491911123822,-0.5584178678398718,-0.6054676020265733,0.4465382702120896,-0.6587962933503697
0.7210709704263811,0.48584265670182575,0.4939772955686007,0.6789626648108669,-0.35339602056172903,-0.6435223014348921,-0.13808097407421246,0.7994173913419982,-0.5846926363643301
-0.12459408525951288,-0.14403027180076527,0.9816983216463919,-0.9386280755396172,-0.3036249206449422,-0.16367419885903506,0.32164211435559803,-0.9418424434948502,-0.0973609875900514
0.8468236809722275,0.48712576326994317,-0.21353721948017043,-0.25450233188753746,0.018580044458914036,-0.9668936575506691,-0.4670312799036622,0.8731341664982423,0.13970866431602225
-0.4974409420163184,0.5564165827216421,-0.6655472152133822,0.8488364972482121,0.15392128056577703,-0.5057517576127419,-0.17896678503371533,-0.8165223976483202,-0.5488734498892569
0.9689040845700442,-0.24216326071404964,-0.050811711876533765,-0.24073772831627316,-0.8751230294699612,-0.41976782803883084,0.05718584675079073,0.41894705924693687,-0.9062081110207183
-0.30466598616457596,-0.6819783032809257,-0.664894150018209,0.9324555338733276,-0.35588326063835285,-0.062239715185902766,-0.1941785627286762,-0.6389465538301966,0.7443399674376899
0.7141188783019754,-0.6844102225854497,0.14702678284334364,0.6999550013892312,0.695162614140437,-0.163743506532733,0.009860207042952693,0.21984446120375423,0.9754851045480403
-0.29710311351198904,0.9517826038279198,-0.07641737362686168,0.9545404614320228,0.2940330768344107,-0.048959750984155566,-0.024129803783355244,-0.08748956953737214,-0.9958731484438879
-0.019258759818448823,0.9918039523039345,0.12630922517595555,-0.548862323166866,-0.11608229479444643,0.8278134155974558,0.8356908820719094,-0.053383715022000566,0.5465994224222376
-0.8024564757805033,0.5712509240836866,0.1724412543780316,0.3300030975011688,0.18408220998462688,0.9258572760457251,0.497153457312296,0.7998663148931264,-0.33623253587617197
0.6089058002711618,-0.5620000913752703,0.5598121324965399,0.5275956045235466,-0.24006643205944478,-0.8148686926650703,0.5923483810086505,0.7915326938872678,0.1503309350200256
-0.8534319747127825,-0.18999855269822039,-0.4853394837744214,-0.4968617186423677,0.5778331164253916,0.6474853837036574,0.15742394063671783,0.7937313396450347,-0.5875442650385634
-0.06427310316041113,0.9012651242375254,-0.4284742046415962,-0.4163272086717875,-0.41442915428749516,-0.8092713583193888,-0.9069402535612192,0.1263710881082717,0.4018578412332434
-0.45888087262697486,-0.38567440473399783,0.8004271348912294,-0.1501610966583168,0.9215818389951265,0.35796446623196054,-0.875716843384594,0.04407003026362985,-0.4808095700431565
-0.8345826189276975,-0.5356630650720199,-0.1285960065532157,-0.522421754384727,0.8436599871653491,-0.1237470670430093,0.17477803846413223,-0.03609579994697526,-0.9839459997869895
-0.6688528304844576,-0.7211814628966873,-0.1803695892525228,-0.5785342435647327,0.657334989624274,-0.48291701195820214,0.46683403922155486,-0.21865042645705032,-0.8568885404965094
-0.9109675503488213,0.04926109266158865,-0.40952590511621445,0.2544871736902785,-0.7142300557855439,-0.6520059093595039,-0.32461423357364094,-0.6981753162081612,0.6381040880601156
0.5500267584615741,-0.1037647281867633,-0.8286757183365399,0.7331980267943288,-0.41508776785234724,0.5386304841765444,-0.3998639999814386,-0.9038445807569369,-0.15222928547149217
-0.4442234362823416,-0.3200071939200123,0.8368159501927218,0.6075689285459998,-0.7940425908171278,0.018877527218596618,0.6584265606147538,0.5168092102583531,0.5471587561843119
0.7021710797801275,0.6197132673976046,-0.35058699481269245,-0.13467338862483194,0.5991002903703706,0.7892666979383095,0.6991558146198276,-0.5069855109266169,0.504129783482153
-0.9561375240502288,-0.23201351808687065,0.1788036983064124,-0.04912579567265779,0.7287898587605062,0.6829729115912062,-0.28876927001089553,0.6442321547336756,-0.7082211797910163
0.047847870575565166,-0.5344731841585009,-0.8438299572170078,-0.801823059286797,-0.5243269998405691,0.2866373646860251,-0.5956428148457307,0.6628873302859702,-0.45364085405637056
0.48134721233044975,-0.10186981834874999,0.8705902602782192,0.3127387425034538,-0.9078938669755106,-0.279147282353978,0.8188402409011559,0.4066340694258731,-0.4051535430711306
-0.05732266562806965,0.7562644476268385,0.6517501033839316,-0.2790120660559767,-0.6389464586006051,0.7168679725283594,0.9585751817152727,-0.1407533598086318,0.24763302021764788
0.14265070905861377,0.9572277005195643,-0.25172585199597974,-0.7891352097059207,0.26350518354912766,0.5548248724103246,0.5974248036426568,0.1194995715505614,0.792971283459726
-0.26223647598645816,-0.9641382980419304,-0.040857960191545195,0.8119437100749576,-0.1975634780498734,-0.54928688661805,0.5215164832792125,-0.17721742123630868,0.8346343770049467
0.43954461514535936,-0.007381668049001366,0.8981904265096194,0.898136772463282,-0.010062337497618312,-0.439601054722714,0.012282884268623617,0.9999221271383578,0.00220690125407208
-0.9604700618929392,0.17322244697405026,-0.217924858774067,0.256818817950983,0.8534500942109816,-0.4535052716755633,0.10743069837636984,-0.491545440987493,-0.8642000488838089
0.8537052405380898,-0.39262360484320885,-0.3421024220869038,-0.31299093788401716,-0.9118916735006579,0.26549999736846197,-0.41620191623812297,-0.11958378117493117,-0.9013743307858402
-0.9192424055138779,-0.3609490357535758,0.15719158213346995,0.39079223356472365,-0.7882106568988989,0.47540024246575757,-0.0476951789026318,0.4984373119456152,0.8656127401845906
0.29841342164412943,0.3860093310580297,0.8728953122332457,0.7758292023440285,0.43458525057680786,-0.45741087522196255,-0.5559122939573038,0.8137152181919824,-0.16979123979140653
-0.09146882703571246,0.9012133562244836,0.4236129604288718,0.20078931980017922,0.43335025632719426,-0.8785733915816802,-0.9753548599022266,0.004694880590289385,-0.22059205643302437
-0.7788794696079249,-0.3723880350982589,-0.504652279434994,0.17207741087884598,-0.9006525699762045,0.39901668243381816,-0.6031054107604327,0.2239466443394844,0.76557936492605
0.3987603599519761,-0.6006166893786993,0.6930005539469225,-0.3617141020851185,-0.7974253568335585,-0.48298624062350715,0.8427058108757332,-0.05807230595251933,-0.5352331488217354
0.3990702638509298,-0.5342407507321607,0.745204498622416,0.4449933269952331,0.8234423114659957,0.35202797987837786,-0.8017006071094512,0.1911271303208295,0.5663449095874897
0.9137224919141733,-0.03531420419004861,0.40480132750841735,-0.12986367426327763,-0.9693481562086512,0.2085655248638421,0.3850280949190523,-0.24313999884287274,-0.8903012451331815
-0.7856379610743627,-0.4067235731894637,0.4662069595479166,0.3243025534093019,-0.9124499438836449,-0.24952545713602042,0.5268783996057579,-0.04484456398191494,0.848756806812262
-0.18500798210499592,-0.5616350590794656,0.8064354326108458,-0.15583311701601105,-0.7934529146049376,-0.5883438721921075,0.9703030898634257,-0.234517659714005,0.05927378074456291
0.37608612560360866,0.11387416229021707,-0.9195607110415103,-0.896370471887806,-0.20665193126030212,-0.39219249920672816,-0.23468958915149746,0.9717652260032198,0.024354512411720042
0.009734936347830847,0.5065087249357606,0.8621798783190509,-0.14588709500104582,-0.852275756019722,0.50233752717985,0.9892533479986101,-0.13067114166854404,0.06559623623791078
-0.512176352273829,-0.41056018086566043,-0.7543975888475724,0.604591925644899,0.451521929084296,-0.656198560651415,0.6100360543578284,-0.7921920761050013,0.016962515732650507
0.639518023981117,0.19265275387791986,0.7442456673884914,0.752004859394817,0.04434454875454208,-0.6576642398993103,-0.15970406522649666,0.9802644936031345,-0.11651666889815027
0.26558910667341995,0.9631101759918286,-0.043372979116077015,0.6629613641312069,-0.14978610681376714,0.7335164291785591,0.6999604675163478,-0.22356858255703926,-0.6782863943849473
0.2850204605769763,0.9428646022574204,0.17253891984837733,0.9143615862870084,-0.32145551036066244,0.24618944815217425,0.2875869026489111,0.08759393054728491,-0.9537405709919671
0.6040022989031752,-0.7256194080909756,-0.3296326705916472,-0.7965275679592226,-0.5356310306485768,-0.28043400736592033,0.02692687134899263,0.43194429456591416,-0.9014982362663329
-0.28349910883592044,-0.8366408570940245,0.46867934830779034,0.94527766988476,-0.16150157686655486,0.28349138873492263,-0.1614880246534636,0.5234016783605039,0.8366434730414921
-0.33091958708756675,0.5718206473960047,0.7506752787280323,0.3999013701560222,-0.6355542122830875,0.6604163364095113,0.8547345324889658,0.5187407738561127,-0.018354522876683044
0.7531270411501648,-0.18014507035674693,0.632730126921866,0.6193515399204326,0.5184380680360717,-0.5895978626226644,-0.2218182361452432,0.8359244722085771,0.5020228549341403
0.07517876896721964,-0.3284355324964819,-0.9415297412670117,-0.9868720445076737,0.11084108085110711,-0.11746413310028925,0.14293956927953,0.9380001896532382,-0.31579094943438735
-0.7851870148507367,-0.5311923214213627,-0.31830185260656696,-0.5487995185164505,0.8350101582106113,-0.039713022564417964,0.2868805329503923,0.14350175381532282,-0.9471572237311108
-0.21816113174859075,-0.7891942861346285,0.5740889298067233,0.6425983592221934,-0.5588991419349345,-0.5241174466370487,0.7344883044127519,0.2545665490139052,0.6290650227154835
0.6265016608744899,0.5934962844080507,0.5052304714834053,0.015225928615573758,-0.6574088596028134,0.7533802243313277,0.7792713519816439,-0.4643013587203535,-0.42090427447477197
-0.9436989355165752,0.306764167932846,-0.12380656031629174,0.32816216853463676,0.9153408496964482,-0.23336820695979313,0.04173619828790791,-0.2608579578035772,-0.9644745800709418
0.36371240224362156,-0.9258197546864192,-0.10281571031001308,-0.43170664923162405,-0.06972560033188424,-0.8993151336809371,0.8254348293253546,0.3714782934314423,-0.42504260968270646
-0.669103656751223,0.541026456841841,0.5095004116968945,0.10453248855320368,-0.6102468638960923,0.7852844859933618,0.7357807114616527,0.5786960671217211,0.3517635662470412
-0.7070661500332793,-0.5991492254146092,0.37560306862722764,0.5185055923184049,-0.078096751331163,0.851500351242475,-0.4808423964373944,0.7968193666801731,0.3658817933045474
0.30543174266203277,0.8749822423659198,0.3756561274872814,0.9472979800561695,-0.31924572377763627,-0.026621510685809285,0.09663326319614338,0.3639893451654872,-0.926376688529059
-0.35880649929079445,-0.9212055010382357,0.15046036329737578,-0.9320056287077009,0.3447355591759902,-0.1119057741887379,0.05121917730546447,-0.18038242457764694,-0.9822620713331249
-0.37479726343244923,-0.7972904329656608,0.47313314915040217,0.857982782338674,-0.1049246542382749,0.5028482496174829,-0.3512727665702755,0.5944062436031505,0.7233869372829849
0.8663673216257215,-0.49299813145189664,0.0797527830486946,0.007034141791361942,-0.14763286196964276,-0.9890172187155852,0.49935777241205803,0.8574131912045622,-0.12443646844906997
-0.5745702279991978,-0.3542557412416284,0.7378156428907519,-0.7965895801884152,0.035068083797298644,-0.6035025022599572,0.18792044548742826,-0.93449082354838,-0.302345509097913
-0.946357691369438,-0.30026590920825974,0.1193629077781046,-0.2646384028075563,0.9322104433972911,0.2468809530532711,-0.185401283019759,0.20204967950571703,-0.9616664137143733
0.06589170971859537,-0.7026521010257845,0.7084760458296462,-0.764431904048966,0.4208004288529468,0.4884371639722436,-0.6413284234013277,-0.573765652510872,-0.509402423763708
-0.7642842258000722,0.35962378113533194,0.5352946461857342,0.5204572188051315,-0.14615082609776708,0.8412872395469736,0.3807806528525457,0.9215805293477431,-0.07546802197170677
0.024777319031337508,0.2281188223781348,0.9733179785344728,-0.2788908287965695,0.936539591350429,-0.2123993866430268,-0.9600031198255461,-0.26618677035116606,0.08682518767750347
-0.4291496366795593,0.36797672377995805,-0.8248780031580247,-0.8211144634344387,0.22153315896107295,0.5260172025889474,0.3762999166576783,0.9030593503402178,0.2070801354223235
0.40631165885326914,0.8273378675699861,-0.38784389741834663,0.8942042746457259,-0.27274042412731836,0.3549808111041527,0.18790835821010182,-0.49104451318755127,-0.8506266719208759
0.8019147994288249,0.5961129619063387,0.03977425177523024,0.5896838203119737,-0.8004417666988664,0.10754520066592259,0.09594606046786548,-0.06278785528467797,-0.9934042675111916
0.44966566557019705,-0.5287870339178036,0.7198507220026408,0.3744892091167908,-0.6200568022903643,-0.6894109037348685,0.8108998837479212,0.5795807404442105,-0.08079321657013283
-0.7225492233489341,0.3089985086789079,0.6184193896313919,-0.13216734669290528,-0.9397925401359255,0.31515357204547517,0.678567912817877,0.1459791188460734,0.7198858830084907
-0.4632983643811257,-0.7667019959306693,-0.44443523149914815,-0.7331568804056128,0.0498785698865396,0.6782279240638678,-0.4978309093213112,0.6400626357646582,-0.5852215033833899
-0.021748757623597292,-0.9598536544145689,0.27965684981567596,0.5960090351432196,0.2121341184670913,0.7744497051518832,-0.8026831389592526,0.1835213281588478,0.5674677969200841
0.418349089880503,-0.525713911938672,0.7406813902011397,0.35312973368289113,0.8454569181426741,0.40062699703557414,-0.8368293913249015,0.09395468247421065,0.5393413459544569
-0.7899865359781539,0.04346161845469623,0.6115818511814545,0.3258507511763997,-0.8151917594468501,0.47883575815484447,0.5193674623337626,0.5775582075005489,0.6298285131825492
-0.5430320401885314,-0.48953482091880296,0.6822549834458351,0.5707205069997107,-0.8111447423647593,-0.12775879548587443,0.6159499218432245,0.3199997906905625,0.7198651455233278
0.3917914013267174,-0.8688118900452125,0.30276293954596334,0.5847306683723398,0.4891961338116497,0.6471299623171308,-0.7103446651529691,-0.07650517877764906,0.6996837959456516
-0.8677768040249869,0.36833646693460176,0.3336040550147957,0.04432398979598848,0.7259885993869606,-0.6862768664968422,-0.4949735369943982,-0.580748483154536,-0.646322208336493
-0.6929840981003788,-0.2568019591954256,0.673665936153369,0.47402542015350935,-0.8663337003414104,0.15737160068146877,0.5432061678849873,0.4283907951930686,0.7220861345889127
0.49452969460277696,0.3888366875784742,0.7773328833576283,-0.49979851770046346,-0.6044723503667604,0.6203342803251355,0.7110849617735588,-0.6952835450627926,-0.10458952674341715
-0.8483148208860132,0.5083489592190482,0.14813271187027255,0.3660941864683544,0.3609894893240344,0.857707196677075,0.38254020873524464,0.7818362515632561,-0.49233633264498367
-0.4638152198565615,-0.47610163659981153,-0.747129622927903,-0.7004239010659669,0.713451831095397,-0.019820280577173444,0.5424774655641855,0.5141144972995862,-0.6643827835077092
-0.022677577705355167,0.3550414862028941,-0.9345754493588292,0.5393639864691995,-0.7827549399620206,-0.3104532075291,-0.8417673179504361,-0.5111166667600396,-0.17374560538510275
-0.3087300393721406,0.3132802308283701,0.8980764220050539,-0.9362678236974952,0.06627589581680549,-0.3449783586580992,-0.16759571921153799,-0.9473452393957564,0.27285284000018073
0.16703324530837427,-0.1289303778037973,0.9774849628721265,0.28610692740377963,0.9550918714952367,0.07708659478336473,-0.9435267463370187,0.2667891952143047,0.19641996910595105
0.5837964483955801,-0.7868454462231651,0.20013982761703092,0.8005347103447713,0.5989626769700529,0.019694901118848807,-0.13537313017700342,0.14872106560516624,0.9795693749149899
0.5697595719003731,0.33016510660128495,-0.752572277333457,-0.7645171008007081,0.5488798935015478,-0.33800068800671046,0.3014757582479618,0.7679335029106958,0.5651464432305353
-0.7408484819824677,0.32084282199452796,0.5900876293558958,-0.6296477026218336,-0.02586945150287967,-0.7764499610805498,-0.23385315334055348,-0.946779095171375,0.22118328964718792
0.16600077432792637,0.5617756055980155,-0.8104640102296411,-0.5037030611291221,-0.6582595325784475,-0.5594440222030759,-0.8477776649167402,0.5011013437664946,0.17369650009062565
-0.6938286304272925,0.6859528068232199,0.21925003628445136,0.32936841753111534,0.5730143642654864,-0.7504471892668192,-0.6404047760068906,-0.44846770804235914,-0.6235049620578788
-0.26604676542979244,0.953292710696624,-0.14301093083057587,0.7567029149148881,0.2984420949360608,0.5816640048425612,0.5971765376868525,0.046533038831114315,-0.8007589269770807
-0.29651136738977635,-0.08006215227860014,0.9516675158799752,-0.9450316840954541,-0.11921146178106756,-0.3044728944187489,0.13782643093526925,-0.9896356294882167,-0.04031371705891362
-0.6864275901643826,0.5627990472348341,0.46051535901930724,0.6200604639846823,0.12212434651236692,0.7749907515525768,0.37992391931045727,0.8175224011735033,-0.4327989592354524
0.05881887765476834,-0.8562572755626404,0.5131898456492275,-0.3363688178802474,-0.501017122018748,-0.7973944204732663,0.9398916735397108,-0.1257192168687653,-0.31748751238533157
0.35693643759964455,-0.7727911068673396,-0.5247764139711572,-0.03921944005955896,-0.5736840596470361,0.8181371738457501,-0.933304995719561,-0.2714415311879312,-0.23507717905245906
-0.25191854880088504,0.5087121071719571,-0.8232551468328174,-0.9434882227242622,0.060178873382241815,0.3258964203225579,0.21533002194461737,0.8588308886009584,0.46480370742305743
-0.24925344065000954,-0.645962354251623,0.7215298740965843,-0.9143136039723249,0.40255044569180054,0.04453955842249918,-0.31922305041345406,-0.648602941377106,-0.6909492517701252
0.18636256633298964,0.4720730113239118,-0.8616356920702367,0.8289601409121319,0.39517601172818106,0.3958042502722108,0.527346260675773,-0.7880247405596998,-0.3176836942889849
-0.8648689032985024,-0.01004389480240861,-0.5018973005351235,-0.3827671901310604,-0.6336788622819931,0.6722651096525624,-0.3247938704261806,0.7735310075712526,0.54420466927378
-0.5300142581087168,-0.6363693405505927,0.5604631554425948,-0.019081084281688088,-0.6518150420248476,-0.7581378919515771,0.8477740255658354,-0.41251813705260254,0.33332864890157354
-0.6957255720856226,0.6331752189369569,0.3391976864164468,0.3529976858420256,-0.10988384977359988,0.9291491663608743,0.6255865744533751,0.7661688336672733,-0.14706038277055544
0.15833722748889023,-0.9868790007967416,-0.031609495053799286,0.3334135748100578,0.08357183316751005,-0.9390692928817339,0.9293894288851736,0.13815059351101816,0.34227138792052725
-0.0882813902235946,-0.3262810317622014,0.9411413732550403,0.6049927186885289,-0.768158960117842,-0.20956054572494873,0.7913218096792557,0.5508833817632087,0.26521178937422607
-0.4303516095841271,0.02817827138125785,0.9022214124871544,0.2610405711617634,-0.9529201527017579,0.15427573620760887,0.8640921897204559,0.3019092042267402,0.40273504946463834
-0.4283121255599003,-0.9034452379432532,0.018314615366383957,0.32926148750770573,-0.13716021112524568,0.9342237148179716,-0.8415079298156214,0.40616964254081867,0.35621710449624755
-0.10558010186839506,-0.330584122813249,-0.9378523230409224,-0.6106066295276716,0.765937145799591,-0.2012457022180423,0.7848645654291679,0.551411304225957,-0.2827245788846684
-0.4572497474649204,-0.8832031411382542,-0.10428269236449073,0.10216078574629561,-0.16864571841836362,0.9803681938510924,-0.8834510978537325,0.4376195072693568,0.16734193903011763
-0.710017451890953,0.7012521929984932,0.06419174265497113,0.011482721898160075,-0.07961585815219929,0.9967594806313598,0.7040904523625409,0.7084537225150933,0.04847636482265982
0.4115615773019493,0.8915836231533907,-0.18893308607389075,0.040464495315262916,0.1892235367671552,0.981099932602286,0.9104832193443286,-0.4114281177289682,0.04179965591228829
0.8364873104061297,-0.45113026846971044,-0.31107950816465907,0.5275998542461003,0.5096199665039735,0.6796512955479321,-0.1480789428953791,-0.732645187393554,0.6643068990007941
-0.26742380314755154,-0.8160210373655418,-0.5124394365063693,0.9066681250719367,-0.393154994460561,0.15291193972105557,-0.3262474834977874,-0.4237202106432757,0.8449992678125698
0.016360352683567836,0.5040892567321478,0.8634965895168899,0.8309055381499055,-0.48723638331994956,0.2686944239114598,0.5561729277229209,0.7130881628638398,-0.42682191421199156
0.47894695106077156,0.8733751346447765,-0.0884629428281114,-0.2113418891214381,0.016911102974851988,-0.9772658903792538,-0.8520237226581034,0.48675444402736867,0.19268027207639749
-0.7921783858361531,0.39511970479801195,0.4651170002207605,0.5414961287736123,0.10354696518838458,0.8343020846932284,0.2814877395859695,0.9127751337983564,-0.29598345829146266
-0.7514959157273875,0.17429995719743435,0.6362966395998231,0.6456671822097597,-0.003820063976578636,0.7636093876639571,0.13552777745674022,0.9846851943805122,-0.10966899974673261
0.3471679229676955,0.7216354310643899,-0.598929660222975,-0.7978518819420083,0.5629165471816571,0.21577148882713107,0.4928557676885721,0.40294821694802585,0.7711847552399587
0.6925363945616264,0.6415138351720808,0.32992929771451246,-0.33443548249071814,0.6907528362962447,-0.6411032890259524,-0.6391762278580013,0.3336472964546565,0.6929164677720646
-0.2648085425375335,0.8755014818555823,-0.4041949913937912,0.9524862045963617,0.17206414694677674,-0.2513244106510468,-0.1504874275571398,-0.4515430041581395,-0.8794671395470539
0.45548221730745553,-0.05062842646729537,0.8888040909841322,0.8439655760282045,-0.29315358030240346,-0.4492027213132877,0.2832985284043403,0.9547239081479673,-0.09079759366088536
-0.7742206043520037,0.5558128192610023,0.3027450507307336,0.42576562392228967,0.10345013182734608,0.8989002746194753,0.46830128046256886,0.8248455492818282,-0.3167392153603297
-0.17366331740087282,0.06634148766391151,-0.9825679921531449,0.8660478855923939,-0.46469481827291625,-0.18444453293943258,-0.46883057926106714,-0.8829821815217114,0.02324553860188583
-0.2107703977646609,-0.14917749532635644,0.9660858731573924,0.17617991330927818,-0.977900712080614,-0.11256480559465705,0.961528199052145,0.14647959653270012,0.23239460025386904
-0.10381935309272694,-0.9939216961133683,-0.03662245101754852,0.4468651916295933,-0.0795093761985004,0.8910610302366344,-0.8885567187485865,0.07614408113340387,0.45240362120024524
-0.15448729586180998,0.23140651943818674,0.9605127267136079,0.9326804701108236,0.35488791952254994,0.06451128002767798,-0.3259460324826168,0.9058176347027367,-0.27065401635737985
-0.2221971345216025,0.5258730941841034,0.8210273577802543,0.9285470849427915,-0.1426953602670089,0.3426927854544256,0.29736971004901175,0.8385079146743372,-0.4565914284936381
-0.3819254798486953,-0.9241871763734918,0.0033152479751425573,0.9125733281890244,-0.37655409584195776,0.1594268910273715,-0.14609191805281913,0.06391459873486226,0.9872041711562051
0.30839482823592557,-0.5364400508639852,0.7855728494203316,0.26840700448108945,0.8413404326977605,0.4691523806328106,-0.9126063279765391,0.06616908747285397,0.40344930536585066
0.1285790390481628,-0.9045550214112658,0.4065066345794566,0.2600889359892321,0.4263192075478561,0.8663750219458992,-0.9569854628433185,-0.0056697897168003775,0.29008046709685076
0.05118107147948847,-0.9553700115402913,0.2909443915453867,0.5193610114483415,-0.2233716430098973,-0.8248449847616308,0.8530208893746785,0.19332162359281707,0.4847495354735989
-0.08496628730052902,-0.9595093249602533,-0.2685564844435582,-0.7498053368108624,-0.11592983530822787,0.6514232342919284,-0.6561803768113713,0.256714098950031,-0.709595084881484
-0.9762620504182675,0.16804723589857032,0.13664748596286208,0.05077528882321508,0.7908822904887702,-0.6098582397870472,-0.2105570681740212,-0.5884431400722475,-0.7806410134907558
0.8400681858546373,0.20255698593576352,-0.5032455767947865,0.52736215524056,-0.5224155844108467,0.6700530683346696,-0.1271794021645411,-0.8282829375360167,-0.5456856009203261
-0.7443940702900562,0.6654531296014631,-0.05522318734572351,-0.28842573094889545,-0.3950228133926925,-0.8722199118490228,-0.602235888870464,-0.6333475421938102,0.48598644523634804
-0.9304436608395554,-0.32241409040543034,0.17413715373671668,-0.355165417899054,0.6765392164175758,-0.6450986084140028,0.09017826751538438,-0.6620754057938806,-0.7439919603804817
-0.05086661740627885,0.7615081052477349,-0.6461563223211919,0.9388534357503783,-0.18415109709330713,-0.29093401248228434,-0.3405390042467291,-0.6214449123464897,-0.7055773575628048
0.18618760185515737,-0.18119024818377527,0.9656626071659433,-0.8117082405926759,0.5254135338100099,0.25508890733079714,-0.5535918253274408,-0.8313306877845779,-0.0492481317234732
0.284654389024116,-0.7622427090950605,0.5813414927912255,-0.9476460577700123,-0.31528472288853493,0.05062106978378261,0.14470255008900812,-0.5653154835527885,-0.8120834785003421
-0.68352886886587,-0.7102099965726673,-0.16849346039296417,0.7099780156991592,-0.7004892046423434,0.07242990683012562,-0.1694682939396859,-0.07011872038042544,0.9830380777983038
0.6919489399281857,-0.150284586506499,0.7061311546666316,0.7113692981255431,0.3087430688196646,-0.6313726626487621,-0.12312752014327244,0.939197668499228,0.32054228000215756
0.9247770696431468,-0.3149797699501505,-0.21348329204971697,-0.36960102651395726,-0.6101954199637287,-0.7007543297441102,0.09045691052685531,0.72694517948566,-0.6807115786884321
0.27050517429269716,0.8108431579647225,0.5189993486148838,0.729120081818268,-0.5245815201209814,0.4395430980425952,0.6286579809166504,0.25951416518054754,-0.7331040452080755
0.2316427116323525,-0.6378030096133092,0.734539975138056,0.13647997223262825,0.7689165646969083,0.6246123067264095,-0.9631795633873218,-0.044436893038446834,0.26516125510733624
0.2140931444184634,-0.21633567104107032,0.9525560366446821,0.6254261218454389,-0.7187141338031184,-0.3037962474834207,0.7503374518350989,0.6607941217254005,-0.01856978908785467
0.6941373275877741,-0.3480135139859454,0.6301269431887968,0.7159109786757606,0.4251179826939453,-0.5538467038827122,-0.07513215730176748,0.8355604675147001,0.5442369558067497
-0.3278789709789802,-0.16016708767551718,0.931043438522236,0.5785571253603154,-0.8131378913230305,0.06386252727182068,0.7468380233253885,0.5596009951030101,0.35927662489389356
-0.8623942650756575,-0.2646079385917957,0.4315770735324313,0.1793902282108323,0.6374639269585856,0.7493056037752585,-0.4733870272695299,0.7236175651963815,-0.502277156311312
-0.27066127402028384,-0.6788091671536896,0.6826130597445608,0.7265597365025891,0.3211402507900307,0.6074371478727691,-0.6315484336446455,0.6603688771517253,0.4062751802047033
-0.6295545116697809,0.6320015079599919,0.4519238993154936,-0.04809243931696733,-0.6122422134661127,0.7892063034027661,0.7754664622772335,0.47511426624172354,0.4158343418920818
0.3073758178847852,-0.37785427790695747,0.8733534515000618,-0.8553593201550157,-0.5118867633287514,0.07957622102590589,0.4169898559960523,-0.7714908205521478,-0.48054279081073004
0.24631305526507308,0.9158547760838328,0.3170802862532101,0.46941236778814244,0.17349382485524678,-0.8657666670094355,-0.8479280086030387,0.3620910408468146,-0.3871797649218718
-0.017694638023459053,0.7023810638095118,0.711581155587356,-0.0371835448768425,-0.7116625326183654,0.7015367585933081,0.9991517821510455,-0.014045670828838452,0.038709628716345756
-0.510559385039228,0.492301369130845,0.7049599111298891,0.410962541414836,0.8598782051081844,-0.3028518811792103,-0.7552740588039714,0.13508824646068518,-0.641336309408685
0.834722058592417,0.5496928574113757,0.0328153532687781,-0.19314875820686955,0.34806515420100537,-0.9173571854158962,-0.5156865735137788,0.7594000335409181,0.3967101548431432
-0.8228928282581895,-0.007832566127325358,0.5681426265552507,0.557815162395785,-0.20140203638608178,0.8051580368728264,0.10811862837921077,0.9794773456529766,0.17010141548499125
-0.1698617307342698,0.48146447993073394,0.859848211603063,0.9026392848921836,-0.2741256898726214,0.3318093240419657,0.3954608878274631,0.8324944808927484,-0.3880252897451755
0.343212675768111,0.8750323914974895,0.34135520066680974,0.7835957541753181,-0.06637431841459795,-0.6177152611789775,-0.5178636434723991,0.4794921935602102,-0.7084521741686662
0.5028728060971577,0.7969262507616006,0.3347050817287194,0.0801791845902477,0.34255112867335713,-0.9360715905330383,-0.8606336266068235,0.4975613279703995,0.10836275034309129
-0.43589139842482294,-0.10933221097764356,0.8933337318281405,0.769494237102528,0.4695224445962848,0.43292873903949497,-0.46677329384322164,0.8761250719292701,-0.12053028868994153
0.4580995446291043,-0.4291803402725774,0.7784272880199679,-0.8751219241634192,-0.37134487042022823,0.31026537844416224,0.15590517970587897,-0.8233512146927937,-0.5456980412323091
0.43084295710308707,0.357940768961894,-0.8284037374551346,0.3421633976005002,0.7846347944630507,0.516983992653939,0.8350440441420738,-0.5061883495625854,0.2155801454446965
0.7327536183722347,-0.6478999124070104,-0.20808132608522437,0.5466188555245457,0.7425328239923579,-0.3871082950273345,0.40531464511837356,0.16991382756245071,0.8982479221549274
-0.9448262810610697,-0.31984786372733487,0.07071522244445302,-0.10724394162955708,0.5060133207497002,0.855832493077715,-0.30951903915601764,0.8010292524576872,-0.5123964296392143
0.7963664848052578,0.34359146982274574,-0.49774021712532157,0.13967511041571828,-0.9051967644390149,-0.40138470471543364,-0.5884651947305584,0.2501274065635034,-0.7688595418387822
0.5872527555552234,0.2942075947180587,0.7540398479543449,-0.7069428651509881,0.6401094012475632,0.3008184499770551,-0.3941649229762953,-0.7097195542217368,0.5838939696986007
0.07267917958447256,-0.8335009964295876,-0.5477169212337817,0.46543827374408914,0.5140470263975622,-0.72050181678185,0.8820912368848534,-0.2025629373866517,0.4253037810885779
-0.694021198810608,0.049875678889812924,-0.7182248897502561,0.6580946017878829,-0.36061614733634006,-0.6609595217393751,-0.29196929752824213,-0.9313798424571877,0.21745233584693724
-0.005011258106271788,-0.8837994846030931,0.4678390303378922,0.8444836876459868,-0.25430141555113006,-0.47135771060684567,0.5355578293630182,0.3927203344162336,0.7476286179273597
0.2868941472606886,0.3854582157267543,-0.8769912839910718,-0.8720775106227365,0.48395603402765774,-0.07257666700993659,0.3964499511080974,0.7856261967736102,0.4749935949140994
-0.004724680785824553,0.42944286796270026,0.9030816688137586,0.8316145168961704,-0.49983506886742446,0.24203759876896558,0.5553332086945832,0.752159376120692,-0.35476936202934795
-0.21225529403853072,0.2889858238391654,-0.9335067668595746,0.6132906655472152,-0.7043285208495549,-0.3574855161688825,-0.7608036867058879,-0.6483891796890795,-0.02773485094338657
0.16209628515868602,0.894815809345867,-0.41596810176076604,-0.5946207596177554,-0.24783791962754598,-0.7648545729916856,-0.7874966327352503,0.3713233536143277,0.49190245017813383
0.7284421061577984,0.6316918792207024,-0.265212118318542,-0.4989850610686933,0.22392439594713598,-0.8371808488791314,-0.4694528802837013,0.7421746658478233,0.4783207695333842
0.6451352454059339,0.19327682991331324,0.7392189000246716,-0.667153813565174,0.6140739411057924,0.42168588297480947,-0.3724329525974712,-0.7652171338080845,0.5251061168431289
0.18722903561946358,0.8491876310135258,-0.49378705486742114,0.517644191468229,-0.5125101151984532,-0.685111576940918,-0.834859137376006,-0.12733322093194632,-0.5355338192746439
0.73360934264793,0.12413945711889138,0.6681367581310723,0.4636429483178396,0.6273798515762449,-0.6256434594170309,-0.4968425795509209,0.7687547834143186,0.4026953366042261
0.3805049438150031,-0.21213910187505775,0.9001183195491498,0.8213285031019892,0.5248486996485183,-0.22350242161888284,-0.4250123265560504,0.8243366083905914,0.3739434159635785
0.46329267127662765,0.11768107366965369,0.878357026294732,-0.8107432729307726,0.45650500763069723,0.3664676294102875,-0.3578480768969779,-0.8819038172658369,0.30690456326532534
-0.5589646433342526,-0.028931200979616878,0.8286866193634896,0.8070518142452138,-0.24838034115237106,0.5357000795711542,0.1903310185590386,0.968230443509658,0.1621848070423676
-0.7843314714100151,0.3769351373294195,0.492690618139063,-0.6199784885264955,-0.4491160790478146,-0.6433672522790689,-0.02123244498880203,-0.8100707683821017,0.5859475518274898
-0.683212592272237,0.4444622833518551,-0.5793736552850025,0.10265438603573374,-0.727084338854437,-0.6788302005805518,-0.7229679320608046,-0.5232605879198824,0.451127173135761
-0.6928145991745955,-0.6284040810081336,0.3537177436076224,-0.2840905974000113,0.6886953396908766,0.667076653434201,-0.6627974529518421,0.361672559175273,-0.6556618765035525
-0.5219534253586569,-0.7345370606549538,0.43361264774075237,-0.6142597884743385,0.6763986561447601,0.4064108392120265,-0.5918188354723312,-0.05422328365142884,-0.8042451749872239
-0.6839648341879887,0.7098147787760775,0.16838968325068304,0.19579084667661828,-0.04374686031117081,0.9796694118786029,0.7027503468173104,0.7030285855098519,-0.10905392246116952
-0.4117046434727565,-0.8854572664368338,-0.21555675785551365,0.7917145072927786,-0.46466212920879224,0.39658195196113577,-0.451317433172178,-0.007384781199317458,0.8923329196670461
0.9897190899454316,0.12362450721218843,0.0719242950200432,-0.13042273442778535,0.5736920977095876,0.8086206078068703,0.05870292447541277,-0.8096878152980422,0.5839174671269198
0.4747182221792712,-0.8366965465639149,-0.2730961341706808,-0.8662345046335156,-0.49909259937639083,0.023331528669269394,-0.1558216689465234,0.22548939269006757,-0.9617037700201574
0.4708219428356759,0.5581332500704193,0.6832378599801612,0.5762671397002936,0.39184094864793184,-0.7172007073785769,-0.6680141329688181,0.7314013577568199,-0.13714653486471562
-0.9284371999191687,-0.3190915897502199,0.19022335071418386,0.34010595294356527,-0.5241256425460983,0.7807818207399487,-0.14943997650763804,0.7896029813623536,0.5951426931796099
-0.6306387034172549,-0.7376522535421433,-0.24117209332010447,0.03957923661672297,-0.34092338830061997,0.9392575404746357,-0.7750666486058093,0.5827867501529373,0.24419519664632383
-0.2964558286523016,-0.11181588258834448,0.9484783339955991,0.245283649996702,0.9508959454395887,0.18876660719217858,-0.923011306920112,0.28860718866227225,-0.2544720376585352
0.2912541409044813,0.0543346148501197,0.9551014475096777,0.9427054150383368,-0.18612017571270134,-0.2768858621346896,0.1627191625574249,0.9810234603829627,-0.1054298075254243
0.7435391482499515,-0.6686527429509571,-0.007283156176950601,0.6685320318229059,0.7430782025538638,0.0299951215376069,-0.01464436569038066,-0.027171570316786343,0.9995235106389676
-0.9970272471125763,0.07351179054629711,0.023079973262445302,-0.0009647197593419324,0.2876124874051821,-0.9577463789565533,-0.07704373972558565,-0.9549215013493421,-0.28668656827590455
0.8073635045100164,-0.28194746213572097,-0.518333676487001,0.5899284932557949,0.36755777285602276,0.7189476034163186,-0.012187880465953482,-0.8862318614269894,0.46308157311795617
-0.02186896704772434,-0.21493649507872914,0.9763831478285236,0.9708936764630653,0.22842316533819762,0.07203003915666478,-0.2385104133665817,0.9495394465845794,0.20368510523735517
0.9304318968528367,-0.14127671538214098,0.33813810049987825,0.01836383263449133,0.9395178421170354,0.34200730108394134,-0.3660044466530491,-0.31200499040012614,0.8767517499244655
-0.8161107706665265,0.06384617482106944,0.5743577943780385,-0.5527043520128464,-0.376477336987983,-0.7434935870607735,0.1687634713679093,-0.9242231768870297,0.3425352683107228
-0.7126962036290534,-0.6589964437314793,0.24039094925141924,0.5108822778069977,-0.2527912159029013,0.8216421966921285,-0.4806905652865143,0.7083927500416672,0.5168329441250192
0.9346669811814129,-0.3305293376810086,0.13095033876007414,0.3539860004204474,0.8309665455122004,-0.4291718906753508,0.033038550143118746,0.4474873821368308,0.8936797508239551
-0.1460897858196908,-0.5319701386546642,-0.8340656725096016,-0.9284653860260712,-0.2172998244555664,0.3012188792938425,-0.3414817732040983,0.8184061081586068,-0.46217057532697514
0.40760062710582967,0.7031285769175089,0.5826421999004994,0.5148096665107325,0.35004888424553915,-0.782583405079332,-0.7542100079222251,0.6189313232988068,-0.21929724346089086
-0.8392891674489784,-0.4881182955684298,0.23944565758052844,-0.5111405607651294,0.8584922391041762,-0.041550000464586206,-0.1852809233124384,-0.1572628529859137,-0.9700202959357196
0.24248397775400532,0.3702420420873314,0.8967286940895768,0.9151641544280826,-0.39406759237766464,-0.08476616711638824,0.3219877186827592,0.8412083944592288,-0.4343873226842594
0.46598406752335597,0.789052481293498,0.40031866129242843,0.08823972470574049,0.40874401987209896,-0.908373313788253,-0.8803820760319029,0.45861150005573426,0.12084242722812855
0.04028372896307031,0.9962168600192189,0.07700122722579306,-0.05381104606841075,0.07911496374581062,-0.9954120723763212,-0.9977382384683137,0.03595539354460453,0.05679451710508099
-0.06918522290769924,-0.7419134083018873,0.6669167110764948,-0.3712087138572574,0.6396595345925153,0.6730822910768989,-0.9259684096596669,-0.20099794622523756,-0.3196597095750162
0.5785507242492534,0.18609587637278918,0.7941331023623861,0.6339251593221558,0.5100578421799616,-0.5813603787747328,-0.5132425857711378,0.8397674216280153,0.1771234759234116
-0.35781532517263615,0.40910613715397365,-0.8394047662567534,0.7364752214668666,-0.4290068530969775,-0.5230271199098169,-0.574084001899487,-0.8053479301139244,-0.14779130632174264
-0.27515913694002103,0.9557339558026722,0.10421158805141609,0.8093903785586188,0.2887843167784989,-0.511361744247173,-0.5188204549313356,-0.05635799950806547,-0.8530235116550364
-0.8366065787334771,-0.47994681555987373,-0.26408424158552574,0.42913124801739644,-0.2745470815142559,-0.8605058233428963,0.3404934718829386,-0.8332316330204589,0.4356480705100869
-0.1566615528766795,0.01669983239942084,0.9875111510500013,-0.17676592097065724,0.9832387198254557,-0.04467022519972763,-0.9717051852458453,-0.18155642493128765,-0.151083743442195
0.9515767608361242,-0.28775061639107113,-0.10817232087363393,-0.0568454795790012,0.18110429634153913,-0.9818196500875654,0.3021096815530134,0.9404258698128177,0.15597731789828373
-0.7515683536709736,0.6111700862230505,-0.2482259766148806,-0.5652089496631332,-0.40260931900304353,0.7200309573015615,0.3401232908534784,0.6814520246928719,0.6480272255553663
-0.4222161202695054,-0.8065247265974217,0.4138253413839245,-0.016373590063400667,-0.4496516248229463,-0.8930539299742882,0.9063473138554574,-0.3838375720028454,0.17664445925632044
-0.5888772042548092,0.6846625204517663,0.4294890818142809,0.68154817796504,0.1350408776916776,0.7192051463002719,0.43441422562063237,0.7162410170053765,-0.546152987850044
-0.7102566278618145,0.18495677020374368,0.679210214686266,0.7038017305543226,0.20589662202380143,0.6799041881823706,-0.014094206153753508,0.960935780473902,-0.27641233539389676
-0.4633439524965701,-0.56746697459789,-0.6806567522808936,0.8705674058310067,-0.4350116471883425,-0.22995055710990606,-0.1656042680293215,-0.6991037831046278,0.695578267960745
-0.659656377350712,0.14144697538556628,0.7381369906560772,-0.4285410572881144,0.7360387947498831,-0.5240223800960455,-0.617418841661736,-0.6619967113040777,-0.42491684855235556
0.15308832611865542,-0.6609796712824058,0.7346222420792818,0.5717233471212234,-0.5471032769615412,-0.6114003751180141,0.8060374549378542,0.5135989471263995,0.29414238516058955
0.5736640595697053,0.16790815357764707,0.801695951542822,0.554631008694729,0.640607305487769,-0.5310430531981072,-0.6027387418710307,0.7492857479745931,0.2743663188692842
-0.035663021117189775,-0.3514831156651309,0.9355147077021972,0.29895503794366196,0.889491266222068,0.3455881546042428,-0.9536005632406575,0.2920015525934658,0.07335570236939226
-0.6616603755523478,0.6970561382487899,0.2762576470500132,0.6980703222133435,0.7071570625598809,-0.11236865273126381,-0.27368480533066575,0.11849737972362345,-0.9544920106159875
0.2803070004323768,0.244729189553395,-0.9281894253271484,0.958720452530331,-0.11950788992050443,0.2580173601655251,-0.047781580223357656,-0.96219825817099,-0.26812577750763134
0.3649540188306525,-0.2905118494426472,-0.8845402362090538,0.7776738466521539,0.6174829165330633,0.11806030672103335,0.5118905667939175,-0.7309703914135202,0.45127633940210854
0.8715135076506425,-0.4265618415615081,0.2418867530604525,0.07482832791758989,-0.3718120511944536,-0.9252872634634236,0.4846286488885393,0.8245003298424011,-0.292120315565763
0.33632374741525006,-0.9417125968649666,-0.007982595467894316,0.8309619529704743,0.3007376063055085,-0.4680375250651687,0.44315749981249164,0.15077890124110185,0.8836725373691702
-0.5697228250421171,-0.45154655667674454,0.6866743112854925,-0.5932602279432978,-0.35224955875157304,-0.7238525749764168,0.5687338609285508,-0.8197718923656131,-0.0671999994092718
0.5082420960827785,-0.506435329563652,0.6965724863495105,-0.20347445898111208,0.7153145553195294,0.6685231719920917,-0.836832191249672,-0.48150632801426324,0.2605063142622329
0.2321082381513705,0.23184359911388597,0.9446556575452172,0.9638618042683494,0.07572764435666357,-0.2554128934739843,-0.13075239215719453,0.9698009431992272,-0.2058881796389993
0.7463574549688514,0.6631163874152888,-0.05680850423761988,0.3983670297832072,-0.5134846083636453,-0.760024517075166,-0.5331550046601122,0.5446193291785839,-0.6474067711191669
-0.6495918773853102,0.607016475485538,0.4577787580525586,0.2212199805949078,0.7269726889021504,-0.6500557128246515,-0.7273871823318145,-0.32100110292566353,-0.6065197267194948
-0.13777932988933173,-0.16977095722571106,-0.9758046312340972,-0.5144180965056944,-0.8296362265755488,0.2169740849524263,-0.8463987702275476,0.5318661049889815,0.02697347069149303
-0.0780765793779834,0.38378754914179136,-0.920114756362689,-0.9822961533412294,0.12803149175538286,0.13675600261017895,0.17028891591544476,0.9145026267007813,0.36699677229331895
0.2507831626309537,0.07563306657920144,0.9650841645062065,0.9660563247025039,-0.08339592707450305,-0.24450009580708637,0.06199179657911874,0.9936421682815249,-0.09398009666776752
0.6971419928100999,-0.47068109807942476,-0.540788633175208,-0.6407009985155809,-0.7474996210286504,-0.17534693342959376,-0.3217068111835686,0.46872552786547883,-0.8226792249506054
-0.5634753997127724,-0.5768863292246363,0.5913523797806646,0.7405638656387322,-0.6699650351348496,0.05207698730703525,0.36614291585219644,0.4672783055637013,0.8047299859709265
-0.8999058997588543,-0.26729520140617674,0.3445615284451223,0.37938627393800256,-0.09028105650564178,0.9208232110365508,-0.21502424683427285,0.9593761546658623,0.18265258588888666
0.8147303429429045,-0.12962921270461839,0.5651643437989681,-0.4554315744731018,-0.7463299940680113,0.4853592699510268,0.3588823613122954,-0.6528306113901392,-0.6670949284553795
0.33651970723726266,-0.9379349571140831,0.08386001946309096,0.93641811316137,0.34270894768920257,0.0753106534101183,-0.09937607349984484,0.05318452215788344,0.9936275975528212
-0.6160905022141381,-0.5019647251097984,-0.6070122797991611,-0.7101000117879094,0.020456509909667853,0.7038035979313592,-0.34086722684990034,0.8646461391504386,-0.36904821868137794
-0.45544883941642134,0.8751109421480772,-0.16354569271900804,0.478605469916918,0.3955827100525904,0.7838693281874567,0.7506684746543186,0.2787385126604381,-0.5990005698828724
0.336132422301867,0.8172907966790255,0.4680285764152048,0.8768487108439342,-0.09020130524955738,-0.4722288246418327,-0.3437314838195795,0.5691216725754169,-0.7469599646809393
-0.7096417086458706,-0.6292042426715658,0.31703417221850166,0.6790174159045723,-0.7308297305910281,0.0694496492613332,0.1879999847033142,0.2645560921399211,0.9458678976808587
0.25029361798541294,0.15332705477030717,0.9559518393053259,0.3606776038289389,0.9015398135766781,-0.2390347895858329,-0.898479143270442,0.4046193010863318,0.17034802698129858
0.11978220898234138,0.11449055399845581,0.9861765234766224,-0.7305112430317848,0.6828352152631809,0.009454766027867045,-0.6723135772951987,-0.7215455507739008,0.1654281473719661
0.5527882517806031,-0.2591622597138601,-0.7919975200929296,0.7379181930369975,0.5938070032564979,0.3207335081785968,0.3871716532474415,-0.761727094190264,0.519490081616675
0.10696171448756153,-0.96772525367901,-0.22818199978477044,0.7860064496610883,-0.05824607241524937,0.6154683226124382,-0.6088949439148368,-0.2451840705268046,0.7544081911239131
-0.8736683541102033,0.4763039989928937,-0.09918723491330292,0.11085988324834056,-0.0036120346964287897,-0.9938294821001823,-0.4737232243753028,-0.8792732531748761,-0.049647285310852496
-0.7163756218439803,-0.273233773362444,0.6419885306777461,0.36905240711834036,0.6324835540842964,0.6810028447907217,-0.5921201645171438,0.7247812490034615,-0.3522582175977915
0.904299392267057,0.4267171109643452,0.012454571677658677,0.2169945384907221,-0.4343392218905433,-0.8742212595177014,-0.36763566123355035,0.7932603277220917,-0.48536797695316714
0.11358523808111443,-0.9694921087402147,-0.21721750569534742,0.8956700828357046,0.0053027635437815634,0.444687512093471,-0.42996918075966645,-0.2450651582523523,0.8689473930035183
0.6594087509807226,0.6627079042939398,-0.35496243845846226,0.7513393643887888,-0.5646853982388573,0.34149606225500423,0.02587003382089398,-0.491882744769683,-0.8702770287373718
0.7174080355553529,-0.5961923643897513,-0.3603891995662016,-0.05731150274602409,-0.5660696426909422,0.8223627856832663,-0.6942917990107631,-0.5693152239902841,-0.4402715906793111
0.05047760179444716,-0.9280066432616855,0.36912827279857613,-0.8338167351837656,0.16428006024340502,0.5270310369740185,-0.5497287184098782,-0.33438859410662025,-0.7654950060495698
-0.6399805438656494,-0.19927932573824692,0.7421001642680977,0.4518367750830222,0.6835653215421875,0.5732207078146254,-0.6215049735569317,0.7021582453537347,-0.34742677836597813
-0.45736768914845527,0.3605008319281864,0.8129292386807643,0.8377465216129623,0.48133002415756865,0.2578801531135284,-0.2983212403574111,0.7989746917290683,-0.5221531188531348
-0.379995573990501,-0.7742268600763558,0.5061384522874515,0.8895367768093365,-0.1558348086201744,0.42946459123654235,-0.25362903313951757,0.6134234113225715,0.7479198031808576
-0.010667236307110084,-0.11137656953388031,-0.9937210221326873,0.8960482649749061,0.4400271811867926,-0.05893714153456969,0.44382847689735777,-0.8910506941670997,0.09510490796641957
0.9195682431745275,-0.20089790826515475,0.3376896157710489,0.16368011717448577,-0.5854485044928175,-0.7940144002654296,0.3572157126816509,0.7854235029853694,-0.5054768595806649
-0.30547406352663,-0.4133545059439494,0.857801637284729,0.24637062696004727,-0.9044965431892482,-0.34811997576986775,0.9197755762596882,0.10499550359198026,0.37813864327998115
0.9311976570863054,0.3501063065374629,-0.10147165889878684,0.15199057930390503,-0.11991023773846532,0.9810812395965832,0.3313152384660854,-0.9290032879426214,-0.1648729927913004
0.50537431966609,0.8391296612897394,-0.2011422595224679,0.34576613488395497,0.016642168977211158,0.9381731280414849,0.7905963426360175,-0.5436767879498821,-0.28173209482600914
0.17374476057796606,0.981040113310383,0.08586649083115058,0.8483851198939691,-0.10483439035819186,-0.5188954026976167,-0.5000554434402258,0.16300321062536477,-0.8505142602047433
0.13543418304984178,-0.1897115692039149,-0.9724541647665509,0.810723604062962,0.5854276656985815,-0.0012984798310523016,0.5695479083244742,-0.7882156866904502,0.23309056475610124
0.49023684922693733,0.8593276803905903,0.14568379928658043,0.8260857296217377,-0.4048049242742078,-0.3920654799885783,-0.2779392001416254,0.3125522532279691,-0.9083286244673527
0.9214530692611911,-0.07042083596374947,0.3820538535485504,0.11267778921724135,-0.8927146152180045,-0.43630761120256173,0.37179020558138093,0.44508597106439735,-0.8146597580557282
-0.2998987812067042,-0.16837215195213057,0.9389949624346993,0.7955714050671443,0.4990233540816261,0.3435721634833271,-0.5264284001364511,0.8500744147003443,-0.0157044261800261
-0.7814607696865217,-0.6113845967180604,-0.12461115655046098,0.6234984156668659,-0.7575248401803167,-0.19340590004106328,0.023849341748926604,-0.22883398219163203,0.9731732720808062
0.8135061714934697,0.4291024664759382,0.3925287023980587,0.4749201886010066,-0.10062780158584017,-0.8742567471899687,-0.3356464261707872,0.8976330646830402,-0.28565076192181094
-0.17652347223354226,-0.3237456243750776,0.9295311906808749,0.7819450922794184,0.5274506167764828,0.3322013237815885,-0.5978305248235035,0.7854836838280596,0.16004388782191992
0.40174451075533646,0.44540547419084353,-0.8001345584580041,0.893972501936062,-0.001329956151374212,0.44811984669149946,0.1985308889320072,-0.8953279816790409,-0.39871454872176626
0.8380458425885665,-0.0937813277150307,-0.5374795142998714,-0.4685792482104011,-0.628345262422628,-0.6209796448657673,-0.27948641088001935,0.7722611564510059,-0.5705261189203874
-0.9064038700811352,-0.2866607327607222,-0.31025416773192016,-0.29883909181680907,-0.08393317056677274,0.9506052914226355,-0.29854182538472795,0.9543483887824691,-0.00958808240785225
0.5034678014485525,0.6384180685633691,-0.5821877211315761,-0.41009427418038014,-0.4165103753194985,-0.8113826431072315,-0.7604885661132769,0.6472568863928967,0.052112031508515844
0.39387219202326373,0.5134599201526482,0.7623802245255482,0.42790368881699575,0.6316385890564464,-0.6464759283311247,-0.8134882478853624,0.580854201337666,0.02907348174514579
0.6174214199822212,0.7551258729143406,-0.22039897051141766,-0.030235934482811533,-0.25719187116274056,-0.9658872240969745,-0.7860512568612105,0.6030234302771023,-0.1359638338814697
0.2749754940616175,-0.04896704973292427,-0.9602034709924885,0.07443834485626535,-0.9946201684928571,0.07203924792985986,-0.9585652875420791,-0.09128498489726242,-0.269851146100359
-0.6141782632819921,0.4322866789044073,-0.6602372968514538,0.5165969810356176,-0.4122289533480268,-0.7504630898361869,-0.5965841265880301,-0.8019947114934044,0.029864069377913638
0.2845985952847935,-0.9409375264044844,0.18341267940285022,-0.17245363833272398,-0.23845479950478454,-0.9557191277875206,0.9430076257314829,0.24036613737576146,-0.23013200085022567
-0.80731238983282,-0.0906146765249066,-0.5831257888489475,0.14092492399344328,-0.9891544952322522,-0.04139505235255554,-0.5730504960471311,-0.1155956961141509,0.8113265458617891
0.8877207941572319,-0.40955971839180566,0.2102679925515965,-0.323120115253623,-0.22893334997864878,0.9182499182608397,-0.32794082200808544,-0.8830913646607457,-0.3355658786621232
0.23308179226246373,-0.5128399030097357,-0.8262373218371841,0.773689134388986,0.6125223468854422,-0.16193053416317557,0.5891332628906121,-0.601507779207314,0.5395464670526033
-0.8785664803066884,0.2555808817349398,-0.40348401774185305,-0.008909625391869694,-0.8534032245756127,-0.5211751671552692,-0.47753697056551947,-0.4542921407811684,0.7520485972113565
0.7938749982847948,0.47667564350579517,0.37754843131266347,0.4173973804746881,0.024341280825689426,-0.9083980013301619,-0.4422012142353132,0.8787421879801268,-0.1796392306616612
-0.07260495136462497,0.8409031354158136,-0.5362932387091914,-0.8481409461289156,-0.3349795828049251,-0.41042126480408575,-0.524771813778987,0.42505363891124553,0.7375255571920343
0.05139915760718017,-0.7094344228030214,-0.7028946765621548,-0.07688601577959991,0.6989250492561763,-0.7110501502002449,0.9957141493294205,0.09059014993030617,-0.018621427463900053
-0.6348035575344768,0.3614288648680619,0.6829301713804687,0.7714648382535134,0.24705494931598204,0.5863496016515727,0.04320239206401161,0.8990734272898192,-0.43566102150787556
-0.08339330632568132,-0.510368039580323,-0.8559030439454043,-0.8433069268589577,0.49374434958976443,-0.2122497216956496,0.5309227661080009,0.7040887596199205,-0.4715718768174264
-0.183094845769062,-0.5181164985646485,0.835482837267117,0.8864608799785272,-0.4544462986328741,-0.08755381160506925,0.42504515727214054,0.7245921994984414,0.5424967822075188
0.46164460484499714,0.21177668621439544,-0.8614144728256868,0.8868522806643231,-0.1314497176468168,0.44296049938009224,-0.019423982547228436,-0.9684377145209813,-0.24849769012082046
0.5114579465135338,-0.8148873416120852,-0.27270751626705786,0.8535231189787931,0.5185167385415871,0.051368056425255465,0.09954423296641557,-0.2590347705088717,0.9607246917564595
0.6840097719991725,0.07397889317572409,0.7257118954338112,-0.2507334240343909,-0.9103879125262135,0.3291300636498489,0.6850280153991005,-0.4070884081998137,-0.6041652472856343
-0.8992154535553212,0.35549143835316727,0.25502432304565487,0.3733947352816644,0.31979718041065497,0.870807748624994,0.228008639641646,0.87826852423333,-0.42030519814745904
-0.870185264094766,-0.21654036077678873,-0.4425922257642818,-0.36271020222290573,0.8894883888794074,0.277941927841294,0.333495000495872,0.4023936855908333,-0.8525610866330249
-0.22385278787825635,-0.45817150530601664,0.8602143925119782,0.3499352779397488,-0.8615432269483749,-0.3678159449406898,0.9096346687612361,0.2186827378304026,0.3531892262833566
0.17855649915143357,-0.1567860081525911,0.9713576706128179,-0.5339955193511184,-0.8446252486215038,-0.03817033801254352,0.8264177889685781,-0.5118850818676377,-0.23453635333919642
-0.875089722276879,0.3259215812061153,0.3577612344420241,0.2639361047939645,-0.29822703666400385,0.9172776936069015,0.4056546690863606,0.8971263888141475,0.17495294207792744
-0.7504208915244504,-0.08634696667276678,0.6552958773791125,-0.4838823664653408,0.7471397604898373,-0.45567536000873493,-0.4502514197507327,-0.6590344297846666,-0.6024510597308703
0.3868275664239951,0.9033788938792102,-0.18512430404478092,0.9221438372727222,-0.37810103381529614,0.08179456954923081,0.003895797021041411,-0.20235163038972354,-0.9793051824861299
-0.7218162419985132,0.5875536977757322,-0.36573482882712594,0.28313684174651976,0.7329055525005048,0.6186137566848445,0.6315178870253397,0.3429724527480207,-0.6953812299904683
-0.39858355882830354,0.43940305746462505,0.8050193163660754,-0.800092690143019,-0.5956578718059204,-0.07101680741450084,0.44831109043996553,-0.6723962022843233,0.588982608692437
0.7500654954422069,-0.6305049364422104,0.19966291009859827,0.024379346775104727,-0.27533164653796827,-0.9610401302055555,0.6609140640036766,0.7257106927258933,-0.19114546938247967
0.7879706552619397,-0.04353264369035641,0.6141719265640507,0.16987330832484693,0.974152471211769,-0.14889601052672685,-0.5918152630380876,0.2216571040263139,0.774998595269583
-0.6739387150051432,0.41003278215434613,0.6145565278930676,0.7361864140976961,0.442462963548353,0.5121094507876068,-0.061936839725576065,0.7975585517357177,-0.6000534846478542
-0.7610323106957211,0.43141785720021325,0.4844671862633306,0.47641680887577925,0.8785629237875769,-0.03397371287397892,-0.44029177405187964,0.2049532176732065,-0.8741494908010006
0.4312162717304534,0.9018465713298776,-0.026931185926947265,0.35643016180862547,-0.14285349727239183,0.9233365681430166,0.8288607040679179,-0.4077568394246633,-0.3830460718431197
-0.23218229035717708,0.9696031042634792,0.07720883529182415,0.2002623574597473,-0.030024512891444255,0.9792821436186283,0.9518331640729691,0.2428339943835212,-0.18720384329009931
-0.20809607827846976,-0.8567586446431688,0.47186931139280675,0.7945824369101613,0.13325110776237092,0.5923536893056467,-0.5703812524610452,0.4982055470479044,0.6530363387528046
-0.45012238063802834,0.23093056073200446,0.8625896582783469,0.8668663942296073,-0.11883886614889927,0.4841693695885797,0.21431868094991724,0.9656854560427249,-0.1466939091559072
-0.30429074518637145,-0.009646393697037403,-0.9525303614492103,-0.24858919891330172,0.9661030880187129,0.06962925753122697,0.9195708523966842,0.2579762981542079,-0.2963742178616178
-0.743613156318141,-0.04236431502426109,0.6672666173000847,0.19511003944165528,0.9408037414106327,0.2771649195999218,-0.6395088320419415,0.33629389670388093,-0.6913283364509744
-0.364508056124603,-0.9216072143914327,-0.1333192386789202,-0.8616974700968889,0.27955395037797925,0.42347025734599997,-0.35300332441619336,0.26923917101664474,-0.8960462720983697
-0.7941201662382329,-0.10830786027602146,-0.5980322474383728,-0.319490039284427,0.9114570707700463,0.2591758533145439,0.5170099383684965,0.39688211794652134,-0.7584097230933202
0.46326137631989506,0.3066940386440175,-0.8314611619735577,-0.7071037784464782,-0.4376429204055914,-0.5554033855906706,-0.5342219985332974,0.8452262660844652,0.014121451908442384
-0.7487378198725432,0.26018222588898543,0.6096694894973534,0.6368942965850523,0.5373062182027479,0.5528722120509335,-0.18373168499184386,0.8022513553819113,-0.5680100621625848
0.02549557224113641,0.2815018492755237,0.959221916268888,0.6750627423719546,0.702865089544624,-0.22421186355918732,-0.7373196522929204,0.65325138710445,-0.1721114626884539
-0.5242089620840724,0.7613387804882884,0.38153404224963294,-0.02234279431298425,0.4355755888246867,-0.8998748279412615,-0.8512965192064552,-0.48024698619005723,-0.21132219155199938
-0.810639806987637,0.419297138281851,0.40872119244748817,-0.5469351137436101,-0.791477687054494,-0.2728095530752775,0.20910543914807803,-0.44469425533001744,0.8709316474874309
0.4768056185602788,-0.6245215758949898,0.6185702897415848,-0.8510717166188215,-0.504001426827787,0.14717165123435452,0.2198484370670897,-0.5966199485411064,-0.7718233617363266
0.8934664472625209,-0.41088447894786356,-0.18136055959285005,0.19653080664168093,0.7207639396824537,-0.6647367789540448,0.40384817649317084,0.5582770711870326,0.7247298545871901
0.2654748368263016,-0.8228619400169067,-0.5024155040239715,0.6046770350927816,0.5479881897506718,-0.5779918919199342,0.7509252920520468,-0.1503568141634907,0.6430427934369174
-0.5034891008678801,0.7494733825135698,-0.42987018297495544,0.62563467183456,-0.02688454472381263,-0.7796527936546213,-0.595885880606107,-0.6614883749232948,-0.45536045846738005
0.42221160681313175,-0.4871878017816591,0.764451048051756,0.6343152835739814,-0.4436692982826249,-0.633088994364823,0.647596695557299,0.7522005048898586,0.12170834131935604
0.930128381783776,-0.3063544290580068,0.2025047090732382,0.3279934514745947,0.44500174006559334,-0.8333029143885055,0.165171090660796,0.8414989097646751,0.5143909949394394
-0.19357554300250435,0.6235571935538031,0.7574331228026605,-0.8767268754374697,0.2365483245955171,-0.41880171443859343,-0.4403163579029703,-0.7451317443904526,0.5008993795810737
0.7473203211349575,0.5347372426293123,0.39442162588268925,-0.11601135304103408,0.6894801982623632,-0.7149534405607688,-0.6542581322263658,0.4885418483091211,0.5772981542204816
0.28191386284017506,-0.3641305300762414,-0.8876562009049036,0.11479054365209117,0.9313372111292078,-0.34559243373390985,0.9525480066781875,-0.00446723991575998,0.30435561230400643
-0.9584867279339016,-0.09872412894186566,-0.2675009135297163,0.2776690576233676,-0.5364741085180611,-0.7969287454523789,-0.0648312178901016,-0.838122352198306,0.541615948742709
-0.37092411996303043,-0.2530907970285752,0.8935101262375774,-0.4266958471813116,-0.8081229526984117,-0.40603934208426495,0.8248308621941068,-0.5318668459129978,0.19175950299968314
0.7027787048619905,-0.6769273509293622,0.21879546054765242,-0.38038284337308637,-0.6174522338937323,-0.6885213368713027,0.6011746705075899,0.4006520939960204,-0.6914238317535017
0.9940535268998176,0.1047119771682445,-0.029882896371514367,0.06950130770180944,-0.8213619967881076,-0.5661572559457222,-0.08382812109174359,0.56071371667703,-0.8237554091139301
0.6674837886702666,0.04308353515209912,0.7433768901850424,0.3514331048964389,0.8619156585339341,-0.36550809889366764,-0.6564755628698111,0.5052179792652003,0.560173748744041
-0.033167158345583925,-0.9027469401508006,0.42889148004553035,0.6247193526039458,-0.3536915404896954,-0.6961522999086711,0.7801446469017046,0.24484741418767847,0.5756944273451168
-0.595707417359925,0.7348963691116409,0.32412960304312527,0.10343276639800147,-0.3299981572946429,0.9382978626307299,0.7965138641214122,0.5924766179763268,0.12056998554246268
-0.5347117654594855,-0.41015987938278753,0.7388181110556902,0.8442290403951754,-0.2974539034279271,0.445868257099484,0.03688706050422441,0.8621427078391299,0.5053209832246931
0.03256140574457045,0.16618278883265836,0.9855572208409501,0.9935055518671545,0.10218281435201715,-0.05005387957233465,-0.10902510382970532,0.9807863952700919,-0.16177630725177483
-0.4240427199133934,0.8868206892001443,0.18367590178091542,0.7032881725761163,0.1946721199719592,0.6837313156643989,0.5705904993977716,0.4191083760940648,-0.7062397971544776
0.7526535300544355,0.5146811682782257,-0.41062873586289306,-0.2115284669555392,-0.4015826111869496,-0.8910595457429938,-0.623512927984686,0.7575187795771349,-0.1933828514215563
-0.47648629548593413,-0.8754349177781058,-0.08108338269295548,0.8791544371696642,-0.47516966889219536,-0.036073000565133954,-0.006948799823123221,-0.08847310608158046,0.996054327675602
-0.86605788875126,0.024134536664073086,0.499360848957666,0.2866028008592558,-0.7944435783530863,0.5354607692008571,0.4096371173018141,0.6068582412339427,0.6811171023951061
-0.9030588858305462,0.30056546838682685,0.3068306502549893,0.2546934164140805,-0.20049371070647215,0.9460092682434317,0.345855334435969,0.9324498223392809,0.10450558100707963
-0.9830862080095577,-0.12130870823083142,-0.13720679621927445,-0.04880357223158125,-0.5485662436292564,0.8346815486686678,-0.17652115725551804,0.8272601003661761,0.5333676099870681
0.7525552220123545,-0.5581316074922353,-0.34949927974184614,0.1919553891351879,0.6935991737232348,-0.6943149968079363,0.6299315569201899,0.4554221063239898,0.6291080500736945
0.03985034235292895,-0.5512657723891892,-0.8333774645420315,0.12981555195599787,-0.8241148488444052,0.5513462055591953,-0.9907370350828286,-0.13015669059373608,0.038721611652570376
-0.1847572934547772,0.8047021161120769,-0.5641978791523514,-0.8282265203218058,-0.4365324944147273,-0.3513975133032247,-0.5290610300815013,0.4023603927386517,0.7471281956962263
-0.2835801546777932,-0.9155082636385692,-0.28535401711279823,-0.5805165588846828,-0.07295572067093348,0.8109734814912701,-0.7632711318618082,0.3956287173991253,-0.51077891228546
0.8424787539008509,0.25443999658039174,0.4748577022286147,0.3913123191771608,-0.8948439986861239,-0.21477636479747753,0.37027586754453934,0.36676219292015033,-0.8534525621020423
-0.46195727926323626,-0.2765295692541782,-0.8426902571311757,0.04783226201371349,-0.9565354082117439,0.2876666257108118,-0.8856113971976421,0.09258191057270033,0.45510552950755134
0.754571607077624,0.009782765354860952,0.6561447914098715,0.031141401640302747,-0.9992961635379971,-0.02091388634661282,0.6554783771385364,0.03621429331428989,-0.7543451610924392
0.9181138261190396,0.13467321242112085,0.3727333204118376,0.1302745644400672,-0.9907839175017155,0.03709132890454154,0.37429338779760557,0.014503609072563782,-0.9271969074446169
0.8781720205768534,0.07970918619272749,0.4716570236013238,0.05599012672663617,-0.996369164135041,0.0641373095005961,0.4750568471089558,-0.029915454155555344,-0.8794464495451473
-0.35596610279608165,0.2552486830860663,0.8989639833958853,-0.5593023779411413,0.7124642022085663,-0.42376362585844435,-0.7486447646845287,-0.653638180000327,-0.11085191002552097
-0.697757541554531,0.12379095582280178,-0.7055566684967653,-0.5318268066082121,0.5703235916315428,0.6260121792756181,0.4798902593059049,0.8120386690823131,-0.3321122384651567
-0.6490143849371037,-0.7454177244982283,0.15209452372980575,0.2129505387520761,-0.36992811489576893,-0.9043258582252658,0.7303645638925218,-0.5545318798892869,0.3988257739872638
0.7746303149286454,-0.10843948934724518,0.6230479534864523,0.18719167379141938,-0.9017269492484972,-0.38967651489686334,0.6040754526188882,0.4184846307203017,-0.6782060611600125
-0.8512233382732803,0.26950845970858023,0.4503154655620888,0.5027897616212382,0.17288876535981235,0.8469426960669877,0.15040373661498752,0.9473513946566332,-0.2826730462113092
-0.6727538054139448,0.3883296553717954,0.6297637621043931,0.11992591126021712,-0.7826942940088208,0.6107433322881555,0.7300822509207182,0.486404893977082,0.4799897769803865
-0.9718626559967849,-0.0514688807109067,0.2298563294696077,0.196803822753359,0.3587632109157617,0.9124457319989376,-0.12942655534525693,0.9320085368770927,-0.33853929455778387
0.5752565368346538,-0.019072083321678424,0.817750678670933,-0.45702050491308466,-0.836622806809763,0.30198433273059594,0.6783893977045852,-0.5474472894841338,-0.4899890716316899
-0.9965435445178243,0.022299613572408228,-0.08002306613953163,0.05562675937795675,-0.5363142552909921,-0.8421832836222618,-0.061697872904643056,-0.8437237384394192,0.5332200537047093
0.19243454605370847,0.5542479414721803,0.8098013119642088,-0.13307553673616654,0.8323408968195438,-0.5380516081232531,-0.9722447464540419,-0.004225027276622884,0.23392798493773137
-0.14915759249161686,-0.9815081605877257,0.11997392759180825,0.30155264756028244,0.07039979458501078,0.9508469223128256,-0.9417101535777818,0.17800449326375956,0.2854757205550468
-0.342789110460189,-0.8710416379046002,-0.35182679088776614,-0.05146976028791278,-0.3565411111934469,0.9328608148083224,-0.9380013270384095,0.3378829694811707,0.07738610604474816
-0.8212857642145153,-0.5626411841918754,0.09447005530719202,-0.458701687248226,0.749667149966496,0.4770659560026703,-0.3392380515422915,0.34847390449253923,-0.8737754186709046
-0.3731138588401226,0.8368836383628058,-0.4005144494048447,-0.12086769582523932,-0.47185482100139264,-0.8733521786791634,-0.9198788226974957,-0.2774505428691329,0.27720777011889997
0.9208173567320421,0.3871292464989386,0.04718412917686457,0.1922633272538889,-0.34535667630452704,-0.918566045053459,-0.33930842685421037,0.8549033352590534,-0.392441178813675
-0.12175621466073738,0.7120399613961639,0.6915016395977944,0.9726193706390145,-0.05335708526770233,0.22619589145141994,0.19795702576381527,0.7001086450163894,-0.6860473023954394
0.6281691192346538,0.6131911630037689,-0.47895736266816547,0.7731397049582486,-0.5611447381405172,0.2955868391425476,-0.08751316619247385,-0.5559794784623757,-0.8265762307686284
0.5676723423067435,-0.8019591494878389,0.18603664782165283,-0.7759592489242324,-0.44572885461101985,0.44633287149401096,-0.27501882806258293,-0.39772768412557163,-0.8753155622352391
0.501146032202515,0.061448582800114504,0.8631782701618093,-0.6243671298355462,0.7163325948390221,0.3115016865959406,-0.5991813928925013,-0.6950479733392876,0.3973537129162771
-0.270389117908282,0.8935239207223529,0.3584755612503247,-0.1947175032150903,0.31389575917209034,-0.9292763562662392,-0.9428546117289038,-0.3210676805141424,0.08911074946832298
-0.4031669232704096,0.8342786841676499,0.3760791261478973,0.869148750704013,0.22045850973202719,0.4426945839248396,0.28642081127307206,0.5053485160067537,-0.8139938551607417
0.2923152832398418,0.9126244953882058,0.2857766708495184,0.7555994661566453,-0.037236077603394646,-0.6539747099609486,-0.5861921373817666,0.40709950250784754,-0.7004632560881832
0.5313656098386392,0.6557558745881198,-0.5363159718151058,-0.800309590664116,0.18099793415589882,-0.5716155236890722,-0.2777681547115261,0.7329556472082518,0.6209837932294905
0.535021074651927,0.09883575762060332,-0.8390375097061264,0.8160311408894976,0.19667461275364329,0.5435184208440311,0.21873643221210742,-0.9754745459076652,0.024572006620387055
-0.4981196522708622,0.736439086522181,0.4577491494955841,-0.5985045675011842,-0.6739908516343593,0.43304574191811585,0.6274305497039299,-0.05825636236126003,0.7764902456197746
0.14219892082399077,-0.6907899797025949,0.7089348847806693,0.8018729677915482,0.5002978647350687,0.32665239945040314,-0.5803268134781188,0.52202610134362,0.6250676276006568
0.19467052496793769,0.7633737270099406,0.6159252711325135,0.7217957362142691,0.3137003568029949,-0.6169303050787626,-0.6641643636116056,0.5646703808883785,-0.48993168815230215
-0.02741064732087195,-0.18890347176334582,-0.9816130269964867,0.10704786267733372,-0.9768898536196735,0.1850053215211574,-0.9938759537838036,-0.10000846089550082,0.04699889615350161
-0.5910034813844698,-0.5490127961117577,0.5910159343850097,0.1607471067880954,-0.7981219887804152,-0.5806562310734736,0.790490513953642,-0.248165752533955,0.5599450925033299
-0.9249604354366059,0.34605787286540396,0.15713733326233045,0.24248389871100456,0.8557006409544594,-0.45714108537303727,-0.29265978839402595,-0.3847341441801068,-0.8754026996526598
-0.568898001664006,0.8206261892538774,0.054108420909873556,0.7109566570612561,0.4576646373609111,0.533932309838606,0.41339532590848693,0.3422217661399768,-0.8437941498357586
0.30933021050934506,-0.7287331392525699,-0.6109523979994995,-0.343466270450005,-0.6847094171753629,0.6428094080631823,-0.8867613782350967,0.011001172049803498,-0.46209656164499036
-0.9821208535444879,0.18729523505645207,-0.01895056617081614,0.02268770044464083,0.21769448641283862,0.9757532366505296,0.1868793655853432,0.9578776568594752,-0.21805159299537502
0.15985453670623528,0.8291172682577964,0.5357341528885048,0.9067560943408096,0.09118264671871057,-0.4116784064208022,-0.3901793337303186,0.5515888690085213,-0.7372311761690928
-0.6861958375033117,-0.25463288591292127,0.6813936938399021,-0.11719531214143557,0.9631929939422506,0.2419184061468559,-0.7179140139356528,0.08614725667263491,-0.6907808037015641
0.44908364432384373,0.40907729211893723,-0.7943422747616123,-0.4099028913604847,0.8842835963333657,0.22365630085030844,0.7939165573630077,0.2251628084928031,0.5647992648866527
0.25543321614572523,0.8256279173929254,0.5030829097781718,-0.9648991261346612,0.25053529550773923,0.07875114024201244,-0.061020885555836735,-0.5055399170454008,0.8606426922943753
-0.4299841279593981,0.880051837380119,0.20155002661094562,0.8148780549437585,0.282186681386565,0.5063046833865102,0.38869963374574096,0.3819416714262978,-0.838470723611751
-0.7588975994350196,0.10116380113394347,0.6433042195663701,0.5376857371102186,-0.4599610949417503,0.7066327470816981,0.36738056791290075,0.8821573989261317,0.2946690378032214
-0.5432898226522946,-0.6001049341330689,0.5871202914493615,0.45291234965856303,0.379338479612347,0.8068288055171013,-0.7068992658994616,0.7042559093926994,0.06570420044612246
-0.684350835524937,0.3901467914865312,0.6159946550166536,0.44750750511006143,-0.4422512509647152,0.7772714222781597,0.5756743582846898,0.8075885784933502,0.12806139582481824
-0.9516944463649466,0.13983121669284704,0.273358576957657,0.027926797462664507,0.926013068975264,-0.37645702287311916,-0.305774058320186,-0.3506380283500506,-0.8851865330726583
-0.42612503111584665,-0.8459620698535404,0.3205707944052796,-0.4229512260257549,0.4995375187698555,0.7560254808831293,-0.7997060198972052,0.18657557104393335,-0.5706661353451776
0.700477183766597,-0.09680589438372869,0.7070787324159762,0.32223265587435734,0.9269191612117698,-0.1923200043329536,-0.6367871155343638,0.36255963287580106,0.6804797440764783
-0.9981108944747525,0.05446442336842372,0.028430070663909908,0.028633302890996738,0.8217859171107887,-0.5690764802765375,-0.054357854044859495,-0.5671873879288264,-0.8217929731252958
-0.5707564055838752,-0.41921801914427276,0.7060406347440116,0.32250706730477025,0.6763022637874954,0.6622721793450073,-0.7551333107627096,0.6056991831104457,-0.25080307525205403
0.4712374604830637,0.5718458301291525,-0.6715114313259108,-0.3547382130440781,-0.5741723179881388,-0.7378935895252257,-0.8075246473289638,0.5859338664218243,-0.06771593709168178
0.7094699475412134,-0.6858623119596827,0.1620039584985095,-0.5716975323782574,-0.6945435791984893,-0.4367735661263892,0.412085337046199,0.2172604557379705,-0.8848635879976359
0.1437628408355548,-0.9891664239997464,0.029699010529729675,-0.026574957424215173,0.02614107870459792,0.9993049662850982,-0.989255284157124,-0.14445217075459305,-0.022528939866177655
-0.20128924028495,-0.9426967271475769,0.2660930708807625,-0.870108511954696,0.2968450482695332,0.3934389339425409,-0.44988200582985327,-0.15233482183370106,-0.8800001607314638
-0.10341239985220385,-0.9061686538445264,0.4100783417182705,0.6141927133576894,0.26611566966970623,0.7429332145048859,-0.7823510634076793,0.3286956360310289,0.529042524225634
-0.9017469026760838,0.28176892585324753,-0.32780908458673935,-0.35881757441550455,-0.9108064710130286,0.20416052667292564,-0.241044543196196,0.3017247831788096,0.9224205566936577
0.9890809793741077,-0.12007243207033683,0.0854483896692641,0.07683510183328718,-0.07462720084410646,-0.9942470256533039,0.12575843258654443,0.9899562575946917,-0.06458656735334234
0.8230860602055339,0.18429472228951704,0.5371822715164397,0.5667247191106288,-0.20528865700468835,-0.7979220889624434,-0.03677540270766688,0.961193020491431,-0.27341460662197203
-0.7293339536043213,0.5989920031626363,0.33057610964360745,0.006142500420870556,-0.4774344388380456,0.8786459049582945,0.6841302900825761,0.6428568555740951,0.34452983823308747
0.7050165935860955,-0.6666692954851978,0.2418752844453692,0.27637029576830574,-0.05582438480446372,-0.9594285266126615,0.6531240788588317,0.743260175522995,0.14489047275900968
-0.017802391376581905,-0.8873944835801437,-0.46066702223276784,-0.15504334751385995,-0.45271672784245953,0.8780712526459988,-0.987747252718514,0.08705512531233944,-0.1295251709278218
0.5172935406128394,0.03294201804877342,0.8551737930310463,-0.3945823969337684,-0.8775285558890125,0.27248553288082344,0.7594156469748532,-0.47839153111883004,-0.44094151322317865
-0.900429907784055,-0.43483032926699794,0.012188761936796211,0.43499326717703113,-0.8998916513837758,0.031238970540537432,-0.002615086738476687,0.03343053274081496,0.9994376222666503
0.5939232386496813,-0.7948902942452055,0.1241152960220635,0.3091279578788345,0.08304667079779848,-0.9473875427337347,0.7427618004781448,0.6010429856376106,0.2950461610770285
0.6968735067601669,-0.292545187980672,0.6548164846467603,0.7163584658361937,0.3279857621883926,-0.6158375501920244,-0.03461017192390925,0.8982442055427089,0.43813181031322646
-0.7635175202148756,0.2065330577144046,-0.6118701597529214,-0.28265785868542515,0.7450225614312549,0.6041902993939761,0.5806423436576921,0.6342597882804415,-0.5104595867668198
-0.6105169455228365,-0.6142926349805667,-0.4999136103749297,0.7084830133591534,-0.7057251377371256,0.0019620773296835647,-0.3540068911913982,-0.35298241963948607,0.8660730525853204
-0.9113196826792875,-0.3287714958578016,0.24780181491011474,-0.37129535710024547,0.9163699441939069,-0.14968594848500993,-0.17786566210802016,-0.22841941443204739,-0.9571772967185321
0.520397596511539,-0.16927953414098074,0.8369771686647289,0.8382419050518861,-0.0857143730886456,-0.5385197813089184,0.16290135100728337,0.981833736213537,0.09729164544280688
0.31907220999883323,-0.5992368915721527,0.7342397922922761,-0.12535133524313727,0.7412446261636148,0.6594266046622064,-0.9394040491498976,-0.30244264243407765,0.16139541653426703
0.04261962085742976,0.9988381457288762,-0.022492811181998473,-0.5234352154623323,0.04149942974408938,0.8510542712100193,0.8509989090074503,-0.024498080900664188,0.5245957499830836
0.16098692224967193,-0.8153484977696938,-0.5561385061738505,0.9211768559463384,0.32640381545270225,-0.21188145111532877,0.3542829532074572,-0.4781917778910698,0.8036269113363368
-0.4968792485630036,0.050039028159008125,0.8663758468519112,-0.8285377677450423,0.2696095202420251,-0.49075031738647623,-0.25813984536976586,-0.9616687591139512,-0.09250415113229327
-0.2582525154694868,0.7561497896950485,-0.6012845697320168,0.9624935566315925,0.14782329046239617,-0.22749599609561846,-0.08313718600211456,-0.6374839373199956,-0.7659650370367084
-0.725908954799316,-0.2231066716535398,0.6505994177724447,0.6271118672661247,0.1737807568822618,0.7592963548387563,-0.2824657417743943,0.9591786390454635,0.013763833867544872
-0.6928657778779608,0.3267595704209121,-0.6427792754779119,-0.15767271629542284,0.801198944508416,0.5772517352547527,0.7036166061013566,0.5013067269216932,-0.5036022608780342
-0.9058456556412431,-0.06157246215802971,0.41910915053203673,0.15030727260115756,-0.9717220570087539,0.1821097683428272,0.3960446590462858,0.2279584958418415,0.8894849926864626
0.6314993214461735,0.6835328492636626,0.3660484271111156,0.5713767173494689,-0.7293653962991371,0.3762376450494401,0.5241538456254687,-0.028442268877542143,-0.8511485084620254
0.7097013219568442,0.6449657946757047,0.28344868549888286,0.48916822236307655,-0.16159389094118648,-0.8570891812644913,-0.5069896289302727,0.746931414594958,-0.4301801692876137
-0.6149500760439655,0.12009453354274524,0.779367504446184,-0.1793491704882333,-0.9837339158483318,0.010072628995996986,0.7678999147146096,-0.13358475146085652,0.6264861013290213
0.9337997501660795,-0.3310151186502178,-0.13581979905282465,-0.32859230510733073,-0.9436011775820625,0.040545217843741335,-0.14158080242044935,0.006768226557067176,-0.9899035647452001
-0.10363414529029336,0.6221937563602703,0.7759735133857645,-0.7181880405566893,-0.5865471926693564,0.3743906104231788,0.6880885861074094,-0.5184952461864948,0.5076384317116982
0.6197841148050802,-0.15339694912003907,0.7696343463203466,0.544167747928581,0.7906502054884366,-0.2806309225217871,-0.5654636267255564,0.5927407768677275,0.5735061100708723
-0.16594859991897426,0.9641700057252781,-0.20697164599202877,0.17991644066391543,-0.17675676740348845,-0.9676709769110042,-0.9695829704381984,-0.1978212456658449,-0.1441374975481864
-0.22666180388816515,0.8968118558945146,-0.37993804993077374,0.9360115717496404,0.3084172075340559,0.16959116618404008,0.2692708008844079,-0.3171865716324248,-0.9093326754093565
0.44388937177174426,-0.5327816491239893,0.7204900693172728,-0.8729904924028106,-0.07576715130778933,0.4818162917098182,-0.20211339837424058,-0.8428541114210838,-0.49874554740688204
-0.8533952990160725,-0.5015169513421531,0.1421168924995932,-0.5212376702538202,0.8182682338670915,-0.24238066868543923,0.005268275395072561,-0.28092320117872654,-0.9597157914267425
0.223735488030253,0.7162432409538599,-0.661012897895174,-0.45393679710589147,-0.523581302690334,-0.7209743433065687,-0.8624869944695454,0.4613656242732053,0.20798544446640066
0.472394388222105,0.8784308721585528,0.07213005486638191,0.3892248611775788,-0.28133680421727103,0.8771280465440077,0.7907891940445048,-0.38627555634750776,-0.47480906178259197
0.9243533181786869,0.38127590261142374,0.014129021901576104,-0.36373520409649707,0.8917987086613152,-0.26905717706630755,-0.1151852615265111,0.24356467173597823,0.9630205637519972
-0.49666287907243767,-0.7685607557893567,-0.4032869316156551,0.8305363581975654,-0.5557780746548511,0.036333035172858075,-0.25206217935938446,-0.31689918963834496,0.9143519898502752
0.6530534196133604,0.5879323444171598,0.47734347122322557,0.6045103708127804,-0.7843665971347913,0.1390548556469106,0.45616712147094834,0.19774882980015468,-0.8676444880258152
-0.5221335942475243,-0.45026260585139394,-0.7243204370512226,-0.8293177723223746,0.4662287017672935,0.30799810090102564,0.19901894952093374,0.7615079667477528,-0.6168444490398592
0.6992873126574699,0.1754494903904128,0.6929752742183797,0.6841467471447352,-0.4452795380042034,-0.5776412047335624,0.20722085495328846,0.8780339454465915,-0.4314115296511216
0.2500422721595946,0.4851031545618685,-0.8379461746242365,-0.6704252512858191,-0.5376646430804213,-0.5113186032402401,-0.6985762983179531,0.6896315400381046,0.1907865152809779
0.26970758180037224,-0.9473529164761467,-0.1725696148327806,0.38033740458254267,0.2694424686434568,-0.8847283282266567,0.8846475450679838,0.17298325854098867,0.4329844261283894
-0.8088504079644785,0.497198222094277,-0.31393461975702225,-0.4709337596065244,-0.22804854210241055,0.8521826426933543,0.3521113624956747,0.8371306889555865,0.4186045843157772
0.36757591012752966,-0.7517726643320054,0.5474722015381934,-0.9290156400939226,-0.3238114111513821,0.17909804708324034,0.042636730113809584,-0.5744423654043189,-0.8174338371231606
0.11950243770580171,-0.6383319122195904,0.76042852210083,0.9158367607542172,0.366612802715091,0.16382332110114495,-0.3833564855765377,0.6768511082412935,0.6284189543918443
-0.18906561255481247,-0.5341760967780249,-0.8239600061776464,0.7091827205867658,0.5061020920582295,-0.49083657283808474,0.6792010475333694,-0.6771385161436893,0.28314195553519805
-0.5517418145792004,-0.26379100014445733,0.7911986339015242,0.44071842937773653,0.7131758416258129,0.5451123599113622,-0.7080594862380365,0.6494571018659357,-0.27723137770502704
-0.6811509848067638,0.6733970504938261,-0.2873495228515116,0.3554030679670773,-0.03901436550447568,-0.9338985697407789,-0.6400953016359088,-0.7382508324888626,-0.2127527042205024
-0.31797444955158416,0.933871788046301,0.1636329212706648,-0.18889080330054914,-0.2315302142113893,0.9543133784746505,0.9290923064264607,0.2725385172749582,0.2500204846422128
0.08695817114249516,-0.6279435607586406,-0.7733855189834575,0.8994134990557807,0.3832993539314813,-0.21008798869032502,0.4283615694571463,-0.6773245084724666,0.5981119260094567
0.009176235286044387,0.5066725528794047,0.8620897406097824,0.0022112359775457446,0.8621136487413831,-0.506710141095746,-0.999955452578477,0.006555975326828722,0.006790585106399294
0.1377114160972872,-0.5171459975464106,0.8447458689441506,0.7936349077425102,0.5678894926733389,0.21827770688678982,-0.5926037454227046,0.6403604776475089,0.48862998227496934
0.7086923048048797,-0.4665984260742289,0.5291891211045442,-0.3515287162796595,0.41680301427842936,0.8382737076392114,-0.6117048134035911,-0.7801032983352062,0.13136234310261796
0.4882441621209831,-0.8391233192052404,0.23977008429067886,-0.517235798580923,-0.49952515532343256,-0.6949401037970503,0.702911635144229,0.21528277767875528,-0.6779148610362407
0.5821288431395313,0.6376364212487712,-0.5045253257093152,-0.8090484565624391,0.3923970618543621,-0.43756729857474397,-0.08103459087924186,0.6629059813767889,0.7443044101279463
0.38749532976132783,0.7828453103299688,0.4868270632447774,0.8181700653420669,-0.048705854385891145,-0.5729096647174823,-0.4247883162132847,0.6203071495984187,-0.6593738898119692
-0.9426334851831053,0.31665957003275763,0.1056826822058454,-0.21110435101606023,-0.8106768446950634,0.5461117160960239,0.25860600455836424,0.49247311620221995,0.8310193524969405
-0.4288316809628634,-0.2430220389583039,0.8700825696352693,0.676883615364731,-0.7242828750437029,0.13131217829736358,0.5982741517509641,0.6452554575507101,0.47509307914101206
-0.3973090231148282,-0.11336133613629606,-0.9106562181311533,-0.9173936392348393,0.07406280409626376,0.3910289142005434,0.023118192900793366,0.9907895379538443,-0.13342278905123184
-0.8126193651897948,0.46112309488257053,0.35639200143164446,0.37700312636495703,0.8822651177932872,-0.2819164852154715,-0.4444304332846499,-0.09472989650114057,-0.8907905683600945
0.4922301617127506,-0.7874563321283189,0.3709743830660738,-0.04039897648394597,-0.4463865558802935,-0.8939278301006066,0.8695271074551322,0.42503125499231703,-0.25153735643114095
0.33308934733660467,0.27238567004651304,0.9026945958873283,0.8825828952790622,-0.4269720878845622,-0.1968305594371098,0.3318115725102165,0.8622649725698068,-0.38262278738659505
-0.5397202840458253,0.8388623086376717,-0.07079577767472764,0.8323458584959641,0.5443375247131759,0.10438884535116322,0.12610466618690322,-0.002585795082415056,-0.9920135718979259
-0.7408717183829534,0.23643997661648544,-0.6286535089839911,0.4903675826656331,-0.4491847845830823,-0.7468417925971422,-0.45896484698825546,-0.8615852637763979,0.21684580344660065
0.6141824956285702,0.49144107165436185,-0.6174670316338142,0.4248817656508251,0.45342777621085384,0.7835041397324696,0.665022817112991,-0.743565010507953,0.0696830529426562
-0.9587527103090836,-0.27471479405133975,0.0729727511083125,-0.11119182573576819,0.5987515828129971,0.793178996172035,-0.26159055480757,0.752348538915482,-0.6046007423310087
0.49364424115188466,-0.11108574923236247,0.8625400393576315,0.7596302999718294,-0.42780238503154266,-0.4898437778782455,0.42341134909481143,0.8970201088486301,-0.12679808270988735
-0.02689560779514344,0.420406786706076,-0.9069370209517317,0.9028082902127085,-0.37932486695744316,-0.2026075922341613,-0.42920137162471395,-0.8242395155530886,-0.3693445594512992
0.07615961187333598,0.9623778257793467,-0.26082299355601385,0.16216123264261478,0.24614531277938145,0.955571148384341,0.9838208414884952,-0.11507130591488929,-0.13731404301057992
-0.5836153733473932,0.3893019058560273,-0.7126269164783544,-0.790768392448051,-0.07296286077961778,0.6077514051419207,0.18460348181360986,0.9182159043731047,0.3504298895051239
0.9537575428413388,0.23568096194856103,0.1865503515093247,0.1427966583369824,-0.9014084133641052,0.40874440263347633,0.26449133037028416,-0.36320429029873424,-0.8933795272265588
-0.6111356785650692,0.7713206855050014,-0.17770082300571252,0.5159587331835813,0.2179500395391779,-0.8284228183219394,-0.6002497547158239,-0.5979650327376725,-0.5311666890785114
-0.42682791023759536,-0.2114989949571778,0.8792531547707471,0.6928491687061621,0.5483667798338919,0.46824555972031184,-0.5811866864144323,0.8090500910986362,-0.08752134384195043
-0.3360137568146382,-0.2526414740039899,0.9073406421209207,0.9199034670755788,-0.29481385486452294,0.25857765224831314,0.20216915317041523,0.9215514508658815,0.3314672787973888
-0.497365674567275,0.8627795320168381,0.09076819319037743,0.21220134935976248,0.22243722098686147,-0.9515735757415389,-0.8411884290051403,-0.4540189003251385,-0.29371561935895785
0.7349470774376528,0.3839990113915027,0.5589253551380553,0.007497650778992199,0.819570561835916,-0.5729292097674521,-0.6780830174828514,0.42526327542160214,0.5994618986883499
0.3617010471802964,-0.04159750362852932,0.931365664044231,0.5471023382401666,-0.7994298882066893,-0.24817511022256505,0.7548850137344224,0.5993175298067916,-0.2663965362114644
0.41028701387200917,-0.5985258634356055,-0.6880634832968922,0.719177789932267,0.6762855101642626,-0.1594403186462038,0.5607565182110055,-0.42942368302240363,0.7079176701731243
0.89692472348562,0.4260004192405329,0.11853135959371387,0.4160434522367237,-0.9038168697188327,0.10011449376888613,0.14977945870910697,-0.040480968596879816,-0.9878903810293256
0.3581323038433455,0.4862353304520194,0.7970674101756221,-0.17255256298997282,-0.8045178505898998,0.5683103387127488,0.9175875249530419,-0.34106631540277227,-0.20422267882908485
-0.6567943648402061,0.7176599479453656,0.23148512139920635,-0.6281906833963782,-0.6905481070422004,0.3584965511053423,0.4171302285955089,0.09004171797277685,0.904375398502397
-0.0250789642089968,0.8151151694815473,-0.5787558259190766,-0.5136605605177489,0.4861619553711567,0.7069649084065528,0.8576268851445807,0.31501398957945015,0.4065000765638821
-0.12152577224451733,-0.7590067248518257,0.6396407415964673,-0.9915788449038447,0.06377782462929493,-0.11271106167857792,0.04475355873593784,-0.6479515265166522,-0.7603656608929741
0.47570043425327513,0.021232846816358897,0.8793510465492826,-0.7454225000149299,-0.5209906880401463,0.4158292912325281,0.46696294641302877,-0.8532982299240566,-0.2320080547863259
0.42327514244043063,-0.9035633998625832,-0.06641789081868696,0.7714363512230868,0.32099504262072165,0.5494070791540016,-0.47510431465483804,-0.28378753503579224,0.8329108746766761
-0.8924385350341892,0.4245284382709664,0.15273855533310496,-0.08050943731094864,-0.4829547339632816,0.8719363253393736,0.4439275748248852,0.7658526816834096,0.46518596095370934
-0.08240374350355295,-0.9671229528585142,0.2405884808356975,0.9576039518008227,-0.1437063899531288,-0.24968609288882518,0.27605125348755144,0.20981341125120537,0.9379627060321131
0.6494858464687464,0.14750976297943144,-0.7459282841282584,0.20758608732738462,0.9093383225317476,0.36057153454377794,0.731488996215858,-0.3890304422547152,0.5599813955965119
-0.827196613069743,0.3411652669070825,0.44648854854538517,-0.2826220822176817,-0.939372431142776,0.19417567883710857,0.48566503062181404,0.034433940598327176,0.8734665315660259
0.15925471540049074,0.3659147428226312,0.9169211179854877,-0.9848904019483924,-0.005119898008151491,0.17310309874268737,0.0680355184638366,-0.9306342931729059,0.3595705502372559
-0.20302612806831077,-0.9053543056783613,-0.37297985536921796,0.6128024727023746,-0.414576854434066,0.672754904268569,-0.7637103644520257,-0.09197615428581635,0.638973290733929
-0.6612853128923335,0.7460403035994302,0.07826621466609558,-0.7488077006402106,-0.6627156223636155,-0.009748401772954648,0.04459554254418155,-0.06505281915856065,0.9968848320165744
-0.5333584987957352,-0.16531091937145534,0.8295788158450794,0.3298459658053957,-0.9437294135124354,0.02400901733475519,0.7789289766110037,0.2864386391673425,0.5578732431186275
0.8051038659042526,-0.19453445373968486,-0.5603250051659567,0.3130399085978481,0.9417638048529321,0.12282895218139471,0.5037993457033048,-0.2742941526484493,0.819114727673597
-0.8403284328765845,-0.4698630826067633,-0.2703272248635968,-0.41583679385122213,0.8786653253435821,-0.23457835986806902,0.34774687026444945,-0.08471085905671745,-0.933753813689215
-0.2900684034700871,0.7999621340413278,-0.5252817390775733,0.4676945715806372,0.5973656375422461,0.6514722425381991,0.8349383863629214,-0.05669990461888491,-0.5474148443309612
-0.21055298295594116,-0.47326063314724165,0.8553898611051147,-0.9764609394293459,0.059913438974749766,-0.20720621032917536,0.046813194049484974,-0.8788826730248418,-0.474735475733165
-0.1808746688192977,-0.11892793166525112,0.9762891483824528,-0.695009599937229,-0.6869000040498259,-0.21243832147577002,0.6958778701572587,-0.7169550414818038,0.04158675653645805
-0.2959820685879211,-0.925215970158373,0.23742372172619194,-0.9451470550460187,0.24772237148060572,-0.21291000682415812,0.1381725711284755,-0.28741787563045845,-0.9477865294230665
-0.15950126486792904,-0.4807657108028941,0.8622202026290725,-0.058152113491216156,-0.8673094159181227,-0.49436090941362865,0.9854834743424344,-0.12899111743043865,0.1103794066935101
-0.3670167338116632,-0.6047654055043015,0.7067938323213048,0.8688344881578025,0.04856603250358704,0.492714899992308,-0.33230309852571077,0.7949214708334896,0.5076164949232178
-0.493922113175024,-0.28685288592181823,0.8208266369672974,0.7517750167833301,-0.6152139404506531,0.23737340123864759,0.4368927445691249,0.73432093073363,0.5195166026503415
-0.9654495933669969,-0.08022982771443436,0.24793196125633332,0.09234198880373364,0.7843585002453772,0.6133960386215366,-0.24368019979323496,0.6150974864505095,-0.749850013263315
-0.034633106531877456,0.8277469523395735,-0.5600317230519174,0.08345091989593173,-0.5560157161554742,-0.8269718661215979,-0.9959098814152185,-0.07537576719784084,-0.04981969308278078
0.9236373749477736,0.04451029392365659,0.38067418264759634,-0.020866821254590745,0.9976004350472489,-0.06601475414078703,-0.38269906633060236,0.05303023409687438,0.9223498354210922
-0.4999615212396866,-0.3731966545559725,0.78151310565334,-0.86566275398035,0.24224684021016685,-0.4381146708104465,-0.025816150969006135,-0.8955672646074219,-0.4441765425061588
0.7014849742420428,-0.7004621030033764,0.13142173780896305,-0.5650709647663255,-0.659025290571855,-0.49636727446995993,0.43429671388429225,0.273931576571175,-0.8581071353080194
0.2125777096704109,0.7756379749724965,-0.5943033309109476,0.9617786396729119,-0.2735213768080065,-0.012957804519884764,-0.17260523057023958,-0.5688337087494175,-0.8041365842754433
-0.28968843995187576,-0.8698875218709406,0.39921962257820226,0.7257683671848044,0.07227620003801971,0.6841318791738673,-0.6239718623080303,0.4879260704259385,0.6103992667480448
-0.0231176925075689,-0.9614851656238617,0.27388291034378326,0.9458245160895176,0.06771118087982164,0.3175392585931541,-0.3238542219226968,0.26638594608033545,0.9078309152445345
-0.9267803266265171,-0.12303074708754191,0.35488260234777297,-0.10432468300582382,0.9919732566283885,0.07145221235065835,-0.360824869838237,0.02919748970631716,-0.9321764424727055
-0.24836322722506043,-0.6001998413101398,0.7603129999241333,0.515899898591408,-0.7462847687701544,-0.42060235203223845,0.8198554762857458,0.2877832420294118,0.49499273086714457
0.7648798771774782,0.21303347094546868,-0.6079272273437768,-0.6337649118504372,0.4178259795907734,-0.6509711877542802,0.11532913767202771,0.8831977077845802,0.45459982288589795
0.20684432155363275,-0.947304013438245,0.2446028061261996,0.7864221776595656,0.3097114064545957,0.5344333477591976,-0.5820271343556112,0.0818165682225184,0.8090429308992728
-0.6068757192597167,-0.3563177120245043,0.7104502441906992,-0.7677668057940086,0.4939510261409099,-0.4081011096471161,-0.2055139734759342,-0.7931267691056485,-0.5733357958772229
0.2978290360514867,0.10137731187414833,0.9492209995158207,0.9230819391240779,0.22288985816323859,-0.3134323607908146,-0.2433466641389897,0.9695580187720293,-0.02719649402556512
-0.8904449648954182,-0.423209280731796,-0.1673369929061513,-0.020526959147086438,-0.3299758982174239,0.9437661524677489,-0.4546277691041004,0.8438067381208093,0.2851381774882987
-0.8505983544164655,0.15702676859173073,-0.5018217147649557,-0.35108046809900506,0.5408669638616967,0.7643333254035268,0.3914395794798797,0.8263204713358306,-0.4049315179977304
0.1943677607980716,0.9775430010808316,0.08143005956171961,-0.3425177581831419,-0.010153607493009753,0.9394564862643043,0.9191859218305829,-0.2104912950522172,0.33285230330538795
-0.31988880241347606,-0.30771431095083485,0.8960932188821235,-0.10911816001669329,0.9514615787722288,0.28777437563971753,-0.9411505624739559,-0.005724242859178275,-0.3379391243976433
-0.7742069877243856,-0.4062478889998504,0.48535161773903507,-0.5382046271157129,0.8260906777197603,-0.16706277722982962,-0.3330755462503509,-0.3905596559652218,-0.8582096688003218
-0.27003134621569513,0.6510979850714125,0.7093338324772658,0.09751927312901137,-0.7144188121917883,0.6928894227471387,0.9579003410738134,0.25627558335202477,0.12942087137803882
0.5405699564108642,0.816339320501545,0.20340657813608734,0.7993123508535345,-0.5737807707162081,0.17853681113235648,0.26245740225597136,0.06607375393747643,-0.9626787475797196
0.2634781274640059,0.9450129327506264,-0.19372618119944857,0.8895384761324031,-0.3157074438500156,-0.33022736012894505,-0.3732299235432543,-0.08531920552695078,-0.9238073702564553
0.7984235297386946,0.5729881618517685,-0.18494440661273173,-0.3605481767561877,0.7010041228524744,0.6153033658136626,0.4822083360928062,-0.4245913165875683,0.7662880231877846
-0.8424504259611507,-0.4000451899818954,-0.36088935391643984,0.1854227994346337,0.41363587213372255,-0.8913606176705354,0.5058613102893912,-0.8178442463308794,-0.27429021764506367
-0.9170007145510457,0.36875846187310635,0.15207526527957063,-0.3843004910475044,-0.7145916310626639,-0.5845271023621128,-0.10687760332978083,-0.5944543696636284,0.7969950942724179
-0.021929265819075505,-0.7560006020502028,0.6542034828708627,0.8693613184311317,0.30870955920590826,0.3858876858239688,-0.49369019163471406,0.5772014360295933,0.6504679061483778
0.1354747859723282,-0.9884061426354094,0.0685556676456649,0.16818527635078567,0.09113113867316591,0.9815339160634959,-0.9764017078971963,-0.12144304329488448,0.17858133175311208
0.3265824679770979,0.6386228773504371,-0.696781681830569,-0.42976344702244196,-0.5562542550109018,-0.7112556385615898,-0.8418118977618316,0.5317349192096703,0.09279388169329195
0.3865289647959468,-0.43293490460820405,0.8143480384612336,0.8840370529777699,-0.07769822270777738,-0.4609137393812774,0.26281904104564674,0.8980703505627705,0.3526978836113266
-0.32769139108944323,-0.2942972801195285,0.8977791839423066,0.4913740654958286,0.7585283447762983,0.42800266112377217,-0.8069509774230199,0.5813981949448908,-0.10395315748382061
-0.19321903039219634,-0.5872700889332968,-0.7859899801769592,0.7963404765144947,-0.5618325644664588,0.22402235372772344,-0.573156393804489,-0.5826302533762897,0.576223685812822
-0.1590387230716952,0.10341261574044947,-0.9818413901794134,0.6085660908453427,-0.7728239723976638,-0.1799733890349174,-0.7774020823466727,-0.6261381146306411,0.05997552642406223
-0.17699355228583302,0.37731510577731636,-0.9090140776695897,0.34287483307758154,-0.8420988760705899,-0.4163007707927895,-0.9225563025047648,-0.38536060238807834,0.019674217540593397
0.5900969148158723,-0.5390207268805489,0.6010343477023203,0.17257443699281888,0.8114793013094472,0.5583183744450319,-0.7886721085605859,-0.22573878607695216,0.5718726306085153
0.27031210320551324,-0.1325873922458632,0.9535994705734967,0.4046297181678546,-0.8831058509692875,-0.23748441456064562,0.8736167111703017,0.4500495966015875,-0.18506540077154798
0.043290166210890435,0.48411272836263,0.8739341094995229,-0.05315446098886245,0.8746312606001303,-0.48186591626510633,-0.9976475153010792,-0.025593440923749128,0.06359568377858338
0.9816509045634987,-0.15121492875039116,-0.11617033568290562,-0.01687679992581083,-0.675726459913415,0.7369592424260298,-0.18993860901335724,-0.7214761234413083,-0.6658795147098107
-0.3816746441354,-0.778238881351766,0.49866693250752847,0.7481083479981856,0.056740671827041456,0.6611462741451711,-0.5428244335690332,0.6253996639853335,0.5605505281484359
-0.819607038375008,-0.3911785242691092,-0.4185972584678381,0.5062406093009036,-0.8365753279864447,-0.20943296325798905,-0.2682624612963915,-0.38356366193242847,0.8836934814199932
-0.9501609252916079,-0.0014555524725777258,0.31175647132977957,0.31136013364730786,0.046192484286831315,0.9491686475914287,-0.015782370675113816,0.998931497031909,-0.04343709259910167
0.25246509877250767,0.8742734737113371,-0.41461701251456134,0.8597534047410622,-0.39928397926186965,-0.31842799333751776,-0.44394307848860465,-0.2760764333830738,-0.8524648649607454
-0.7150072698284202,0.585070718874877,0.38269682257335785,0.5305742844766154,0.09765655329886591,0.8419941367075627,0.4552532622009832,0.8050810217071451,-0.38024862359033285
-0.5050273273692196,-0.5969398818512941,-0.6233860570029348,-0.06555980953582224,-0.6936433394907946,0.7173289544927663,-0.8606098477149386,0.403139795896438,0.3111735769319891
-0.8374561806244445,-0.33394000019184494,0.43260978006257383,0.5426996207261324,-0.6014090336357698,0.5863312169115691,0.06437598308088144,0.7258038650580196,0.6848828237510487
0.41923951420490024,0.46502683131674516,0.779736029618195,0.5708373552951058,0.5328256171204482,-0.6246931851236275,-0.7059624235955682,0.706998520433898,-0.04207313365261123
-0.7155741589610514,0.28313081678965984,0.638584813169875,0.5309102426278188,-0.3736723382647251,0.7605940427643667,0.45396909289075454,0.8832926605603564,0.11707321854357933
0.8780505238862157,0.4334982689330378,0.20274744963920488,0.1950458737141346,-0.7110296059808092,0.6755693943377441,0.4370176022201304,-0.5536390071615584,-0.7088719666476684
-0.056192039425034146,0.6545134813485831,0.7539592544947062,0.996775375091512,-0.006549642697916136,0.07997470719987193,0.057282687754949324,0.7560219606026584,-0.6520348830929841
-0.8588787686704753,-0.06977714737414126,-0.5074035971802086,-0.5118684326359648,0.15142987528864904,0.8456120271973813,0.017831668398912814,0.9860021006947153,-0.1657766238880487
0.15066355488260352,0.1509021297205428,-0.9770000207144018,0.905493548446243,-0.4176569092993141,0.07512749055290391,-0.39671391071194945,-0.8959861903848462,-0.19956657958506563
0.08026910729599213,-0.3841756676065953,-0.9197640604160021,-0.7656725126157247,-0.6145668661370314,0.1898767244062076,-0.6382025335570422,0.6889968239879881,-0.3434834824206803
0.509120436996181,-0.8089500574567947,-0.2939322799106391,-0.09036441034075393,0.28937923518207387,-0.952939626413555,0.8559384638959658,0.511722056184885,0.07422858773631591
0.28029275223672345,-0.942554870945221,-0.1817313630087033,0.6732729994279945,0.3279823854425137,-0.6626696183473861,0.6842071625500531,0.06338667128724068,0.7265278305876028
-0.8648526523516318,-0.4897236774619518,0.11045636900373973,0.13300259178304275,-0.011352904686400489,0.9910506657755571,-0.4840869759654161,0.8718037802672824,0.07495310808989075
-0.3612305406322127,0.8875139626907642,-0.28606199073539174,0.7028967035563662,0.4607500573727915,0.5418907719832133,0.6127387050318858,-0.0053245337735751685,-0.7902676310566823
0.9057189966014609,0.39251431420274485,0.160017537605075,0.020982581750477597,0.33552821128781374,-0.9417964486517693,-0.4233589853284412,0.8563605155400084,0.29565831117308994
0.1800898836770568,0.1619330366417418,0.9702295220416498,0.959234075608489,0.18948966444598447,-0.20967511836094377,-0.21780179519166432,0.9684375863792836,-0.1212065150854349
-0.18325930252821432,-0.4825946928307635,0.8564568818618095,-0.9752060252437523,0.19918289601384986,-0.09643330474383716,-0.12405336095871938,-0.8528942117209595,-0.5071313707982663
-0.6828781622364333,-0.19400246891935402,0.7043013968421381,0.6469748168086983,-0.608338167098391,0.45972628907505597,0.3392653857320891,0.769602310615402,0.5409355613559633
0.8844142595964308,0.4594983291315348,0.08168661425120305,0.1470387386293182,-0.440456424733068,0.8856510301770455,0.44293456262160913,-0.7712713033924512,-0.45710999748256764
0.1157556671045411,-0.9932768161666277,0.0013386556951119344,0.8183585357750807,0.09613446430365258,0.5666105114601351,-0.562929775777804,-0.0644928774279544,0.8239846699446624
-0.7443784953862405,0.46629200340577076,0.4779878901879726,-0.3109570939820481,-0.875515992068014,0.3698343322832546,0.5909368336030141,0.12666299851572163,0.7967120831883058
-0.9934325117958935,0.09244627231311978,-0.06742055504303057,-0.10206119658839355,-0.44958990149938516,0.8873851658782214,0.05172384999057102,0.8884382967911625,0.4560724022970162
0.032593844900045466,-0.9994527233328401,0.005647574452948667,0.2871948838623662,0.014777883666486802,0.9577581703319591,-0.9573174708308181,-0.0295950667664327,0.28751937685167683
0.6872555906954728,0.3481855645130771,0.6375316193903848,0.6464182695990317,0.10724737908991344,-0.7554081151317728,-0.33139579627148286,0.9312705366020414,-0.15136714924492556
0.1329320277002769,-0.991104158899112,0.006451528840276832,0.7072758384839509,0.09941953342685284,0.6999118835039246,-0.6943269865908406,-0.08847769541568656,0.7142000651817471
-0.42786093768138533,-0.8198880915019892,-0.38041889466695944,0.6540363242271664,-0.5713474495590056,0.49578077662797304,-0.6238361199849062,-0.03668254756208966,0.780693849153772
-0.9955571554264548,-0.059837251039158254,0.07270112562582087,0.050154752730108026,-0.9904545917290066,-0.12839081938171307,0.07968971739042846,-0.1241740919475665,0.9890552784507198
-0.7371985216457693,0.07461416371470606,0.6715437932528653,0.026883718351276193,0.9963360724776917,-0.08118926263575148,-0.675141174400511,-0.041799010190228414,-0.7365033858552283
0.676657864730459,0.4901491522745918,0.5494433024643351,0.7236343031836292,-0.3048982509395046,-0.619185312996016,-0.13596885435407402,0.8165726330820363,-0.5610005397030475
0.30688404350288334,-0.8371634277737872,-0.4527467051689756,0.15660013959404423,0.513632571591165,-0.8435982323830299,0.9387750423410532,0.18798663941538407,0.28872555009708456
-0.28898098895473634,-0.22690993950014052,0.9300547657954261,0.6686839275189542,-0.7430751856804181,0.026477792654182153,0.6850925434571364,0.6295642523063507,0.36646563156369394
-0.1774155734754721,0.29389325175752723,-0.9392286573884744,-0.8341556843809546,0.4615116053068715,0.3019790263942444,0.5222145234511492,0.8370387056393875,0.16327338043363993
-0.3960518739922818,-0.1259765979084752,0.9095453863808052,0.8517825867787936,0.3195463730804058,0.41515845205365276,-0.3429421787526706,0.9391592049437435,-0.019252267445858395
0.666391683577957,0.4094684734757573,-0.6231032765822767,-0.301804762473589,-0.6160439830870403,-0.7276013305722544,-0.6817888305086822,0.6729230120390353,-0.2869470516696693
-0.7984385613597977,-0.26960252763849213,0.5383403577892262,0.6009018781788625,-0.3010132906538201,0.7404781777006489,-0.03758718577934961,0.9147160630166579,0.4023452839595537
-0.12109977159697749,-0.9216548038887172,0.3686289025402239,0.37986235306883087,-0.3861227575676789,-0.840603241017629,0.9170820236163015,0.03823138183719604,0.3968613402722012
0.1664163723401807,-0.7725510396699524,-0.6127564623257842,-0.4293262054588918,-0.6161962759515014,0.6602886935347076,-0.8876849668229174,0.15318955776545984,-0.4342215552782003
0.1728731048099008,-0.07252354151530396,0.9822704442053947,0.5124907366998127,0.85827360829344,-0.026826444114754405,-0.8411112497346998,0.5080420742744017,0.18554006666134115
0.6425223774660831,-0.69365024309496,0.32559842553310203,-0.7224259295312652,-0.6900209582304517,-0.044405557575789484,0.2554716633918911,-0.20668918079336432,-0.9444648282211194
0.20193387248702366,-0.96262520630169,0.18048662924167902,0.6985473819165278,0.012393246042564532,-0.7154564715411367,0.6864796183135806,0.27055335822191773,0.6749419337949624
0.19292782985333734,-0.13160146786766608,-0.9723476261724289,-0.701424410410235,-0.7114526990624968,-0.04288185487293189,-0.6861360280212199,0.6903014636025078,-0.22956750728162634
-0.4294482934226118,-0.14139630401575526,-0.8919536134166903,-0.8493030624425093,0.39900140806649187,0.3456619511701167,0.3070154253489259,0.9059828704625938,-0.29143878778600696
-0.07823577105859236,-0.22518485362472673,-0.9711698851513455,0.9350031226348514,0.3214247504437674,-0.14985089410890673,0.345902189628722,-0.919770575469868,0.18540162812090777
-0.20812891295450586,0.9266932499008087,-0.31292487306165473,0.961521083092649,0.2525051870938785,0.10825126908736155,0.17933087397521533,-0.2783536439117737,-0.9435887274444956
0.8163203197724446,0.5005029140341942,0.28830187056259954,-0.09793934557494935,-0.37196835171320575,0.9230641526525184,0.5692354698320938,-0.7817521207947192,-0.2546263959568891
-0.5081570322888891,0.5833916188269619,0.6335855503543348,0.8254157958288608,0.11984967718855954,0.5516564319157405,0.24589671517032677,0.8032996165567706,-0.542443113614864
-0.0578341107828233,0.8548341486887501,0.5156682982941069,0.8460938427032574,-0.2321929844793953,0.4798037383120174,0.5298871813599529,0.4640527946194605,-0.7098412349506564
0.3558811122360901,0.5828139952070225,0.7305316426715766,-0.6250648136997258,-0.4326705482554778,0.6496846737816974,0.6947248467041683,-0.6878401294364355,0.2103172453907124
-0.3078858933104258,0.9450066945704548,-0.11031148588186102,-0.6671403684647376,-0.2970977785135047,-0.6831227113535859,-0.678328832842284,-0.13673060088862166,0.7219243293555504
0.9239953086254242,-0.2773040701422918,-0.26331563250351464,-0.3800093607542166,-0.5889131971920989,-0.7132840471454215,0.0427265184326872,0.7591335184639781,-0.6495311738224134
-0.44434115088975457,-0.12134483978864632,-0.8876014710908474,-0.08898875968586967,0.9918623490615411,-0.09104988283184173,0.8914269135916523,0.03852934428184995,-0.45152358449329255
0.0693911265984618,0.3484544641607725,-0.9347536348984289,-0.30534552875688015,-0.8846212407313867,-0.3524334951661708,-0.949709944992458,0.30987860018609054,0.04501414809958637
-0.9665256177321602,0.2562516421098376,-0.012779913281293881,-0.1107639359486902,-0.3718112153384241,0.9216766084922184,0.23142942933131935,0.892239606868343,0.38774850505811664
-0.7574794076845626,-0.38550290225138034,0.5268894184642603,0.36947294823215787,0.41224485337141703,0.8327928442256309,-0.5382515094809126,0.8254948172002907,-0.1698340935059195
-0.07573679957350343,0.7315550380602207,0.677562663876244,-0.3651261761530473,0.6119718173654287,-0.7015506897140849,-0.9278721963062677,-0.30052906854273415,0.22076110681598726
0.7879895962539063,0.578438797197654,-0.21090508313489514,0.27363334359902713,-0.6358834187032036,-0.7216488558081016,-0.5515407414384021,0.5109411274450872,-0.6593496605130846
-0.7509454664223707,0.27951460409827,-0.5982913107805223,0.4150430035751361,0.9044664939282969,-0.09838529638306487,0.5136343170418207,-0.32219861492073704,-0.7952155939744523
-0.526398265358093,0.0809282278276204,0.8463778637043098,-0.10280153779760189,-0.9942147318361569,0.03112733246531953,0.8440004206482592,-0.07062357213168328,0.531672456503929
0.28888207925763754,0.9415341634808988,-0.17337982374575314,0.8046234370598223,-0.14064325151039148,0.5768887243989288,0.5187757403906069,-0.30615828390378297,-0.7982097696591222
-0.759084296628884,0.6359097284204165,-0.13931923022937442,-0.00773638918448466,-0.22280738851708204,-0.9748317885176832,-0.6509463717494857,-0.7389016747324848,0.1740492349414674
-0.5388934844597644,0.7512158756318777,0.3811410770376831,0.027528749762472216,0.4679242412553498,-0.8833397264824675,-0.8419239753940548,-0.46553368583190247,-0.27284135869115334
-0.7598836336275097,0.5453509976599676,-0.3537925277564949,0.640083480877426,0.7226828729463685,-0.26081143122536043,0.11344602616614714,-0.4246430907259189,-0.8982250523370234
0.8789392885407775,0.44101437950427286,-0.18158205894276308,0.41521388326730463,-0.8948883829556187,-0.16362216595914636,-0.23465540309465927,0.06841855831233584,-0.9696678517291084
0.23242518032128778,0.818864530600677,0.524823223644638,0.24031615613908408,0.47451988405474466,-0.8468051870030124,-0.9424577871985313,0.3229423480449793,-0.08649600677512947
0.02985000057038034,0.3516643348151373,0.935650133909559,-0.46358477288757366,0.8341742249947297,-0.29873486689909295,-0.8855496235743795,-0.4248359188833602,0.18792633187982433
-0.8989479319688172,-0.10418063717893865,0.42548679232847786,-0.0855776186367148,0.9943588750959601,0.06266497192503889,-0.4296150448918845,0.019920400470052148,-0.9027923852401818
-0.988499842694504,-0.06064785753379646,-0.13852760869047437,0.023751706470553212,0.84241843250927,-0.5383001402641108,0.1493449611894474,-0.5353998710731867,-0.8312899979081534
-0.11446462946098279,-0.24389714201666635,-0.9630223427929706,0.7986307002537624,-0.5991337944219794,0.05681285940441727,-0.5908357243892289,-0.7625961450844235,0.2633633730947261
-0.3699730309525493,-0.5367136859919143,-0.7583260351832561,0.13995176494008685,-0.8391275299381773,0.5256220048571105,-0.9184407764564566,0.08833689924842564,0.3855685832290213
-0.09408350157452805,0.9547973160192271,0.2819758501254247,0.4697025127683218,0.2922986338704764,-0.8330312467948473,-0.8777971543759985,0.05407026872444165,-0.4759711774986659
0.6542030424019748,0.4295164895740661,-0.6225222602413276,-0.6236238378593099,-0.1593554591792492,-0.7653098369179608,-0.4279155152195644,0.888887744776438,0.16360589543360882
-0.22333499515332145,0.717633673880817,-0.6596388330383425,0.9739188857742441,0.13648608200202084,-0.18125549192229123,-0.04004352472148032,-0.6829154116961034,-0.7293991065224996
-0.3751266008425338,-0.3643430621021527,0.852369735759285,0.877576144076715,0.15657752763743382,0.4531485288361792,-0.29856346844142084,0.9180074133344325,0.2610023838497516
-0.732533283887171,-0.02263775747349117,-0.6803547015594505,-0.6636100518031077,0.24649146406334232,0.7063028084963183,0.15171251478818204,0.9688805344728944,-0.19558584503016663
0.9982539722997126,0.03899794398216219,0.044364029945539896,-0.03191782927157863,-0.27584105481529986,0.960673183061218,0.04970169979422212,-0.9604118246062708,-0.2741146989747507
0.7507397207594841,-0.5242365353624283,0.40195264231644157,-0.09045482022135015,0.5211583993188488,0.8486529610613155,-0.6543758837034682,-0.6734760410071118,0.3438345896164203
-0.3996100134568825,0.35114125818754244,-0.8467654066761705,-0.2100498508210153,0.8640729010512472,0.45744626114872866,0.8922952971494695,0.3606630539261698,-0.2715350147174196
0.9062094265052151,-0.17657774419166664,-0.38419366935085164,-0.09642030471574439,0.7983879313571427,-0.5943734818292161,0.4116887175422861,0.5756709227670309,0.7064809895028621
0.8996447791560516,0.40699189901639726,0.15810397045073232,-0.2456780952451792,0.17251264077662753,0.9538771735862933,0.36094534884655327,-0.8969933014840755,0.25518909114368304
0.4351962396068867,-0.5583029800117705,-0.7063299622287035,-0.3189711964845055,0.6380253080959193,-0.7008431222765551,0.8419391954561019,0.5303032045340513,0.09958364532215003
0.24591843643820588,-0.6006505723464578,0.7607516102905473,0.4318680827104474,0.770543734721585,0.4687774653471664,-0.8677638398526354,0.21326331803942372,0.4488927215081855
0.46704308982917053,0.7067370314781701,0.5314071137840041,0.8322241499968347,-0.14826002788074089,-0.5342489385060565,-0.29878707536449334,0.6917671085489872,-0.6574074468127864
-0.07788344693046811,-0.6998384688139442,0.7100424538451084,0.17736507521946732,0.691117965304978,0.700640841034192,-0.9810585093594681,0.18050505699525787,0.07030025328913869
0.5969012332252981,-0.6501527539326668,0.47011734102018365,0.31406819020681304,-0.34984702370442156,-0.8825917696791509,0.7382886222029535,0.6744690182350316,-0.004631821103761258
-0.6128256722919918,-0.4182549309856486,0.6704532109596154,0.10026910636215758,-0.8827405004605486,-0.45903737882224166,0.7838308501770025,-0.2140841459633342,0.5829040888156021
-0.45952538195964676,-0.3435800490784558,-0.8190171995813557,0.5417233939481371,0.622330474520897,-0.5650137564094406,0.7038268166133995,-0.7033189392856138,-0.09985129872969489
0.5334532193756301,-0.01278528860372885,-0.8457329360578878,-0.8080157026299953,0.2879215376116967,-0.5140153815623335,0.2500765623586721,0.9575686526691628,0.1432619572120719
0.6028195365255524,0.48421210993357033,0.63415080144773,0.648929978983442,-0.7599679179636074,-0.03658751211286862,0.4642181478137921,0.4335751333503107,-0.7723432624038307
0.5319715999808127,-0.21097163086243592,-0.8200592587033564,-0.8466951090776413,-0.12034003914665425,-0.5182911028005238,0.010658755924378926,0.9700563107105825,-0.24264613117195744
-0.04147675334657386,-0.6977590771968627,0.7151307217014312,-0.7323657506157315,0.5081058135624528,0.4532867630419999,-0.6796470306393486,-0.5049363845212785,-0.5320894298233108
0.09264808333518404,-0.49543653029161233,-0.8636891669500812,0.3367636479426039,-0.8007092191172538,0.4954341448114249,-0.9370200521219954,-0.33676013848620245,0.0926608388050042
0.9471856647912527,-0.2053648979725509,0.24630179677516864,-0.22952424777329025,-0.9705279000624052,0.07344531901055902,0.22395967516063683,-0.12609858794285236,-0.9664063379452559
0.5813867015860502,0.8129472744363547,-0.0332600692331676,0.5006770052278732,-0.3896877938441283,-0.7729592225757733,-0.6413361362459947,0.4327356610165123,-0.6335833078843385
-0.1342653120886177,-0.6173027161440534,0.7751839669465052,-0.6151683370336176,0.6652023372320632,0.42317108555795013,-0.7768788471061879,-0.42005143397228706,-0.46905868474721335
0.04977950389550578,-0.8979990876680628,-0.4371723224762111,0.9831198045442893,0.12121671179370808,-0.13704728634569782,0.1760609295236053,-0.42297062230047144,0.8888747953261111
-0.0624753164886489,0.17515468482765245,0.98255670127101,0.8269464827805892,-0.5421185575002607,0.14922125931196678,0.5587990241996273,0.8218444536509097,-0.11097452210657122
-0.9192302479778454,-0.35293144929406545,0.1745140203587662,-0.3452085180882806,0.9356181879336141,0.0738219848494589,-0.1893325915997627,0.007615675085707131,-0.9818834815043518
0.8128572890256345,-0.536680211023838,0.22635675111050896,0.5648830160616582,0.6316027462396678,-0.5310227387858207,0.14202184987874428,0.5595107881336322,0.816564432313275
0.8648947386330517,-0.191619309764288,0.46393871492937844,-0.3318639808381558,-0.911729629996672,0.2421061337686094,0.3765944626612524,-0.36336087008866197,-0.8521417069838166
-0.09298050809325265,0.586707449009674,0.804443282271212,0.7821347628498425,-0.4569270404242145,0.42365421332849795,0.6161329709214893,0.6685746398164745,-0.41639898311322776
0.26196254453500734,-0.4047936149110643,-0.8760809064167403,0.9523689858728099,0.2552686733526506,0.1668269137530674,0.1561055412480284,-0.8780546872103188,0.45238371573217506
0.10200644311314733,0.931190512026551,-0.3499698785254724,0.6750873896108952,-0.3231937881542388,-0.6631762900517932,-0.7306515598777241,-0.16861199723104708,-0.6616028207603151
-0.32638823381470394,0.4129105822882925,0.8502797021343396,0.9437757438546595,0.0923784846759167,0.3174170141636478,0.05251729371266295,0.9060745370019645,-0.419846242400445
0.3609587349437563,0.7788519049974779,0.512931283652696,-0.41258040637018534,0.6266255000457884,-0.6611489173943932,-0.8363529159076422,0.027022079382703956,0.547524983246079
0.08437647605693888,-0.5248110021391492,-0.847026577104824,0.853415313535371,0.476859507853313,-0.21044550932063222,0.5143567953391273,-0.705108801394223,0.48811747078430323
-0.6844212908871639,-0.511348532339093,0.5197020060140275,0.17350295607038113,-0.8065667817183904,-0.5651077338554823,0.7081413847637971,-0.29660193037654803,0.640751959873489
-0.6066541293023273,0.7621085906523963,0.22618855730176424,0.1874064390358799,-0.13940442517113438,0.9723400808619361,0.7725604144714678,0.632263317215639,-0.0582537869597326
-0.01655573426055823,0.1540651261884036,0.987921983030869,-0.4094241424949727,-0.9024681053262695,0.13387752018568538,0.9121939372772381,-0.40226267010668987,0.07801900430847852
0.6138371110877476,-0.6960743360106021,0.37240370540429335,-0.3733253718447585,0.15969677632039636,0.9138517967208066,-0.6955804538573672,-0.6999838986578713,-0.16183440249621306
-0.4592958498117443,0.8882832285124392,-0.0004777962170497141,-0.8565282533819331,-0.4430190245444494,-0.26475176118428273,-0.23538622199313738,-0.12119013918302905,0.9643164815871372
-0.2709507919856484,-0.3514323667691353,0.8961478448946882,0.9486105875787489,0.06061931765491835,0.3105853368408642,-0.16347361088521578,0.9342486766991411,0.31694761180682995
0.5440312892234995,-0.591667450031429,0.594945026804262,0.5721429509972611,0.7802350685914865,0.252756169784605,-0.6137445722529553,0.20288633840982248,0.7629906511332181
-0.7151999614720199,0.049752561539965795,0.6971468265226725,0.47867055420225746,-0.6919471987690877,0.5404475688309794,0.5092774446705105,0.720231738217516,0.4710655236950063
0.8917165469337266,0.4221953610554633,-0.1630726127460952,-0.4313905595676478,0.9018443789465269,-0.02406036738008871,0.13690794367202608,0.09180301338082592,0.9863206485183696
0.3937736920291569,-0.3867032813143605,-0.8339081794097197,0.8240875716991085,0.5504098226458959,0.13389810045695288,0.40721241832340216,-0.7399389159624057,0.5354142760588164
0.5462495764661102,0.021008628132381246,0.8373589658889375,-0.8334913387580457,-0.08553058806944547,0.5458724271474209,0.08308783560736382,-0.9961140276336293,-0.029210537920303592
-0.1202333727237399,0.8287260273130262,0.546586779695085,0.10583841346327716,-0.5367424865446715,0.8370816766441727,0.9870877196678369,0.15849503081110156,-0.023176688485142538
0.6032259387611489,-0.1901647824482377,-0.7745681521481147,0.4994411324941383,-0.6671091414060557,0.5527422081092122,-0.6218335966950508,-0.7202796324823364,-0.3074414237743628
-0.5536718252122699,-0.75327607060013,0.35499672030504925,0.8297598329497149,-0.5350549495913612,0.15879175211907945,0.07032872520794672,0.38248053856243935,0.9212830770352897
0.39086097490931404,0.3352931202819586,0.8572083887740068,-0.23567934049767986,0.9367034166142257,-0.2589246179215391,-0.8897656695757145,-0.10082277914650216,0.44514247208018287
-0.6677218606481035,0.6390979870506216,-0.38170837004246916,-0.7255427682617378,-0.44401282714123846,0.5257759035531575,0.16653890907451396,0.628017812073741,0.7601699938055844
0.4420598049693949,-0.04538392344409083,0.8958367196778894,0.023013478917185755,-0.997816595433495,-0.061906555918065376,0.8966903080877748,0.04798271949701487,-0.4400501676071964
0.6025074741347944,0.1318872029970486,-0.7871407175958599,-0.37888437229253236,-0.820768647342627,-0.42753416234477465,-0.7024467069067971,0.5558278449528862,-0.44454924443848354
0.24000782358952766,-0.8967664444383505,-0.37176092955717777,-0.2498379630865683,0.31299497471075444,-0.9163051555058329,0.9380710190686912,0.3128003995125531,-0.14892505916807441
0.8879480691601168,0.4016271519391547,0.22415141601173005,-0.15601994102222755,-0.19543450223617298,0.9682267985028716,0.4326730919276598,-0.8947072069459052,-0.11087384434940617
0.7314702930393688,0.6062645022151308,0.3120810211383247,-0.38612170429585524,0.7455095736803797,-0.5432545490123047,-0.5620153377556203,0.27687330840068003,0.779409989173027
0.16691988449456585,-0.7601568333705828,0.6279325925928106,-0.7762973036077061,-0.4939620491849599,-0.3916171477047449,0.6078653210800281,-0.42209368941622794,-0.6725597882592083
-0.39588470565380685,0.8342862861857994,-0.383720852328493,0.9057019855826693,0.42370998739283616,-0.013181801666416193,0.15158896114496195,-0.3527552115360864,-0.9233550495844609
0.7166820902499637,0.17728684171648448,-0.6744895531208301,-0.2870167349864382,0.9564260346613588,-0.05357829840218939,0.6356006414036,0.23198839621011982,0.7363377001561096
0.5467525028753594,0.5054380397519098,0.6675283428973463,-0.12222465528814333,-0.7405252678694532,0.6608202942453942,0.8283253190861818,-0.4428935714351945,-0.3431070534718774
-0.6488701993184094,-0.7488293699594301,0.13498903334215945,-0.13548057597814234,0.28827326458736025,0.9479153646063432,-0.7487405945780676,0.5967856395811721,-0.28850376500242203
0.18804422267515286,0.8065211143432269,0.5605025088588426,-0.1767939243992835,0.5891571812394332,-0.7884400573851547,-0.9661176318720189,0.04916815954014536,0.2533756370952758
-0.09410910784327942,-0.8462983311890201,0.5243306308500596,0.4085150179216309,0.4474600219126058,0.7955469872499423,-0.9078870832616969,0.28906515427607316,0.30361551447499935
0.6500021673851821,0.4186282257488715,0.6342299196670854,0.6181936502154027,0.19409919572735934,-0.7616837355827868,-0.4419658281224036,0.8871729881056707,-0.13262841304838813
0.8261332759049433,0.1898041773358764,0.5305451768779148,0.3809566506807839,0.5056231991194945,-0.7740912160813139,-0.41518169606167127,0.8416172258087516,0.3454049861790285
0.607245108281629,0.06486061020318803,0.7918626646787325,0.04789984878494779,-0.9978379871449694,0.04499950996238876,0.7930693430932833,0.010604369596826101,-0.6090390499722018
-0.8484512841106213,-0.5161699269617406,-0.11704283400255618,0.40249196210436944,-0.7728440994129664,0.4906243149742343,-0.34370138046335125,0.369162030147838,0.8634748152463472
0.7876180240735438,-0.05692782720456796,0.6135283780268468,-0.5159159373065452,-0.6053297193475091,0.6061408058428124,0.33688068182606673,-0.7939364920221466,-0.5061385707965476
-0.6050474639295895,0.6995999437418428,0.3801019404170189,0.7503816768903349,0.6606546001311983,-0.021513677341070098,-0.26616706291279096,0.27220473552437885,-0.9246943692801866
0.45302434934360203,0.8857447942263148,-0.10111922865008871,0.24330071652172686,-0.2319583795720077,-0.9418068121893908,-0.8576559334848796,0.4020590375147797,-0.32058513707105685
0.41646430663463796,0.8952258747390307,-0.15851849891122322,0.8478271624330607,-0.3194717212457505,0.4232338856530535,0.3282477478064926,-0.31065809585783316,-0.8920453819946328
0.8964691602047321,0.2876607806976321,0.33703756474649993,-0.44213646119303107,0.5304138248337841,0.7233094248721629,0.029298370014826575,-0.7974411888494503,0.602684955711398
0.7166933939239203,-0.2786189544866633,0.6393137393381836,0.05185799894887991,-0.8928958051672946,-0.4472670668176527,0.6954576385739324,0.35370688333054434,-0.6254839035768724
0.4153088225790764,-0.909662118713966,0.005780282415241977,0.4116652471729085,0.18227303191942656,-0.8929211981496286,0.8112029993522273,0.37321759284862016,0.4501758792185917
-0.2377001217230117,-0.96770296335592,0.08396205598385892,-0.24533453645385794,0.1434490406223874,0.9587665711566541,-0.9398455284544562,0.20730013858337826,-0.27150881235694
-0.9755747994489348,0.20668849809058396,-0.07438867815218099,-0.03544993307962818,-0.48233938763542783,-0.8752668263907469,-0.21678817524214733,-0.851251184958082,0.477885244784395
-0.30496340349011364,0.9264690427681945,-0.2205729705197615,-0.354343557369496,0.1045960393311498,0.9292471748178561,0.8839897996484218,0.36154499214955527,0.2963903722611805
0.03373264259157349,0.6583231421682642,-0.7519792213282841,-0.7629355693409324,-0.46906441440930347,-0.4448683987082969,-0.6455938551893259,0.588718282050558,0.4864353590367616
-0.3307763498244771,-0.27233244731375195,0.903560758630485,0.8012008856828242,0.4248867906753987,0.42136487263489114,-0.4986623578914426,0.8633112145974142,0.077650496279704
-0.9940072510515319,0.03810052444027019,0.10245943048032968,0.10511538046948855,0.07586742083590658,0.9915618443871578,0.030005693555253794,0.9963897252044923,-0.07941771755209537
0.6111518295147327,-0.32124353628950386,0.7233920318008826,0.769338516800365,0.45590988971094826,-0.44750912731604175,-0.18604216685528402,0.830029374694634,0.5257751889313773
-0.7126219572041683,-0.4771066285444632,0.5143337545888231,-0.03171848394473423,0.7543027469296351,0.6557600961865967,-0.700830852550562,0.4509951562637259,-0.5526657987788908
-0.992257801706186,0.047519664893224456,0.11474465739912462,0.1241725575419845,0.3619363362390512,0.9238956999917983,0.0023729531578569954,0.930990853853188,-0.36503479167748165
-0.793846050588686,0.41747275385187754,0.4421820301143814,-0.6013244584331902,-0.6472756524207492,-0.4684475696097958,0.090649565110797,-0.6377701228300237,0.764873797937019
0.006535552271526024,-0.20285893393335402,-0.9791861618098621,0.7962788904804929,-0.5912737622668893,0.12780949350464177,-0.6048943834519058,-0.7805405761254063,0.15766798625642964
-0.8286097218869504,-0.5588011760773312,0.03386996322735461,-0.22796487719401096,0.3920544620612617,0.89124929932302,-0.5113100268529361,0.7307766720362975,-0.452247180253458
0.8675982915752625,-0.38408792082626625,0.3158317171074521,-0.4117351048164864,-0.19872790696745968,0.8893713636350618,-0.27883222180630923,-0.9016560808133487,-0.33055847291344476
-0.7136064019171553,-0.6063589051534617,0.3508486586606062,0.7002734457425983,-0.6034305841011158,0.38142972007851506,-0.019570496433137158,0.5178806892639283,0.8552289677956887
0.8392192478159849,0.45654733451454227,0.295424415786575,0.24847156672628062,-0.8051752467300213,0.538474421474072,0.48370748869927577,-0.3784935315179319,-0.7891575964123541
0.3134127198433013,-0.7752579684236444,0.5484045490658043,0.9325774240223362,0.14236634797294512,-0.3317094680118584,0.17908605541551284,0.6153916682572897,0.7676075034776704
-0.5057459597540519,-0.8609280561117696,-0.05499005721094141,-0.6399173053790377,0.3316382282158079,0.6931968896802057,-0.5785558455921818,0.3857706155029039,-0.7186474558123936
-0.6778454531757896,-0.5405266744786476,0.4983537456325203,0.2587849804794199,0.4590476085466547,0.8498856552300806,-0.6881539620514983,0.7050575914523944,-0.17128314934100697
0.33309614714036806,-0.8877614496858948,-0.3176894162729391,-0.3231942894389909,0.20902011750595628,-0.9229604768091763,0.8857722100146674,0.410109983942594,-0.2172956351065003
-0.9593488340921354,0.20400195592933443,-0.1950205540528154,-0.276902388548134,-0.5468361290577781,0.7901236075282424,0.05454247649675853,0.8120058189040961,0.5810952317163591
-0.4496883845554014,0.8288084654165468,0.33295177496121264,0.608344444948103,0.5571446644497371,-0.5652493778642966,-0.6539857743840747,-0.05163671686947652,-0.7547425099821816
-0.5949970949056729,0.5592551599333193,-0.5772452885401204,0.6818318665678564,0.7314852257002049,0.005888150381334778,0.4255393786553746,-0.3900808001815492,-0.8165495738430826
0.8956268477769382,0.4373156400745045,0.08128702533228502,0.021873434102397588,0.1392250185700178,-0.9900191650088125,-0.4442680524432442,0.8884657703875848,0.11512806967843325
0.266608496768883,-0.860136672441817,-0.43483883700901765,-0.8405637870507251,0.013237294412555278,-0.5415508230402561,0.4715638125954747,0.5098918304477469,-0.7194705636042842
-0.6382321035985268,-0.2571963907931399,0.7256099492834845,0.46300317368841953,0.6247846916694129,0.6287067283002528,-0.6150510898215283,0.7372205271277645,-0.2796749028618952
-0.598672678565811,-0.6872411369213632,-0.411449442412879,0.705837715251182,-0.20979831856931774,-0.6765927765314069,0.37866098778172047,-0.6954741441984159,0.6106812352476967
-0.1287666884056109,0.1322792759644593,0.9828129695457684,-0.5428238509776163,0.820003053661706,-0.18148624960395196,-0.8299165059009752,-0.5568637042722355,-0.03378473171894769
-0.02821890330924881,-0.9233102823966775,-0.3830167305961855,0.00042984204299439943,-0.38318049403980003,0.9236733861182929,-0.9996016750345316,0.02590041327821796,0.011209810889402427
-0.802538552980341,-0.39797751149908206,0.44446121464219845,-0.06329931910968073,0.7975859314128678,0.5998748854657269,-0.5932327259857393,0.45328863029339944,-0.6652851647724174
-0.46717909324785056,-0.6441672876068371,0.6056337180254803,0.8321586244559961,-0.08889584961678665,0.5473660125221644,-0.2987569556941242,0.7597012791210505,0.5775796463919232
-0.27649846511209675,-0.9576953246898031,0.07980140260638985,-0.24732999327280314,-0.009326694221563736,-0.968886416048121,0.9286422740853066,-0.2876328872750646,-0.23428796157609177
-0.47092498252037873,-0.2025611068795204,-0.8586027363210091,-0.8657384806116515,-0.08087592487010586,0.4939189892731745,-0.16948906757195353,0.9759242197815097,-0.13727845139511619
-0.7700380184269928,0.1715964746563129,0.6144884865174894,0.5770181267024127,-0.22360752697937336,0.7855251462143059,0.2721975966717336,0.9594552223859608,0.07317202062563377
-0.03523384291031317,-0.4867759505903553,0.8728159887631686,0.976822955204419,0.1677315888061225,0.13297754811350554,-0.21112908492075944,0.857272003534135,0.46958409412701874
-0.7074184987985346,0.6767393865474955,0.2039187834726055,0.3908387510630873,0.6149368492611509,-0.6849071047143653,-0.5889007881002318,-0.40481659318274965,-0.6995136793936472
0.7934266121707544,0.18613922613983624,0.579505305921613,0.22237046356106632,0.7976296051946269,-0.5606588890338761,-0.5665912001036336,0.5737065464234538,0.5914686894130556
-0.15539851142611472,0.5618331616766878,0.8125237233994613,0.9441043009893606,0.32653042828340073,-0.045221104126830225,-0.29072043529813735,0.7600798496509663,-0.581171446867984
0.8696063540847738,-0.295916634566459,-0.3952443982174166,0.42519795055165543,0.8557361848478349,0.2948258550207974,0.25098105861211734,-0.42443954496362957,0.8699767703157413
0.7530529790342292,0.5400208644506553,-0.3758838606878988,-0.01874370335730824,0.5886623318857991,0.8081616995399042,0.6576928495522253,-0.6015431197983568,0.4534159135618574
-0.6534313053803429,0.7520888091804087,-0.0859648314983314,-0.7377214485368336,-0.6581393650418346,-0.15039827309862042,-0.16968969773577142,-0.03485683990160694,0.9848809101583887
-0.08622515652244767,0.8878846630161583,-0.45191376120158355,0.9849370911148285,0.007729235760349451,-0.17274022536983277,-0.14988044878815598,-0.4600011783628858,-0.8751769917998398
-0.8424052013161383,0.1824367870335051,-0.5070210010762948,0.10534207608444715,0.9785432593839231,0.17707664024514053,0.5284472762743084,0.0957596379023014,-0.8435482013181494
0.7378609982214828,-0.49887011711647067,0.4546314480453326,0.09499158635925617,0.74362498922355,0.6618145313629998,-0.6682347984238393,-0.44514096829035404,0.5960803406630495
0.24289472314939942,0.13660325641354204,0.9603862263711371,-0.24851027285129967,-0.9482335936745883,0.19772631619071013,0.9376805414177845,-0.28669252198861445,-0.19637362369284395
0.5090289349796273,0.5103439704522964,0.6931367651311623,0.1139674434417052,-0.8381420995934183,0.5334128257967725,0.8531711230397264,-0.1925275375423523,-0.4848011779059638
0.8374184931532997,0.5458695926212929,-0.027507365855725913,0.42623319431230167,-0.6837320823293203,-0.5923138557048483,-0.3421337916534827,0.4842900241023719,-0.8052376302457156
0.3014936525251527,0.9409614673848954,-0.15392561315098402,0.5587055370858884,-0.04353149466467854,0.8282228756813153,0.772625200415189,-0.3357030322608403,-0.5388448513387367
-0.25133789344673607,-0.5558834352733026,0.7923527432315162,0.21953339465824054,0.7645559100798057,0.6060192645385699,-0.9426740433191031,0.32626349282564837,-0.07012689428187802
0.2995121654221625,0.45171552269748694,0.8403841676984777,0.031798145011231765,-0.8850571921641242,0.4643949230691492,0.9535624472146392,-0.11236927138987995,-0.27944911184209476
0.9183549740988085,0.27873483440769575,-0.2809466740071702,-0.3792889048290129,0.41723191872405774,-0.8258676968325189,-0.1129781758641233,0.8649996636332038,0.48888803799321934
0.7355398886619384,-0.08392674522705568,-0.6722628753863895,0.6493416876148138,0.3703502549108073,0.6642259114285183,0.19322640842475153,-0.9250929629626923,0.3269045196447705
0.25446990376949963,-0.06846372019855884,0.9646542318842097,0.9189416859686342,-0.29367260451168664,-0.2632538302635801,0.3013158573070212,0.9534511630785791,-0.011816672942878359
-0.22023933805855345,-0.8989472762894605,0.3786666455119743,0.8647205533694277,-0.3595677793153249,-0.35066989699533263,0.4513900736081837,0.2502095252583461,0.8565291559065527
-0.6169998288531546,0.41745212485646277,-0.6671168822987483,0.7847223027805651,0.3902899586897527,-0.48154403294477455,0.05934744066886849,-0.8206140820134488,-0.5683928304326857
-0.5000012505455675,-0.8523291226683547,0.1534073534882243,0.826502548143019,-0.5225389434976069,-0.20939577465054338,0.25863543331485883,0.022093419377664653,0.9657223169494624
0.7701774522150502,-0.336540344850643,0.5418185013335595,0.1603218601245344,-0.720056070946129,-0.6751415820847007,0.6173520820939566,0.6068441735581167,-0.5006161760798618
-0.6107438593758101,-0.15919887259798024,-0.7756594982324867,0.13068881257803186,0.9458799156999071,-0.2970380772602742,0.7809688678184843,-0.2827842004763855,-0.5568848385970357
0.05808816619750645,-0.7252363872074318,0.686045149839369,0.23330051618240297,0.6780384321205164,0.6970184744442403,-0.9706681379837471,0.11956616259570957,0.20858403262306824
0.6847313319065147,0.7232165767795415,0.09000436754297948,0.7287931218346624,-0.6791663354709572,-0.08714169110958432,-0.0018943790585072562,0.12526321021845416,-0.9921217362268353
-0.43804344224317027,0.744972189967274,0.5031246156600946,-0.8020435171101538,-0.5766542478543597,0.155550876220923,0.40601002373011513,-0.3353897950249622,0.8500997271048764
-0.4410502971535162,-0.637903087939573,-0.6313115599907486,0.43876823729676234,-0.7668895018045818,0.4683619604124704,-0.7829157485453255,-0.07042827854688666,0.6181284561162306
-0.30064618933092513,-0.3706469765041639,0.8787677097214684,0.4827511782630347,0.7355028750096593,0.47538071136529847,-0.8225346003217403,0.5671475466409489,-0.04219587198657737
0.2055830803375961,-0.6330081672962787,0.7463486164086538,0.9769698696968007,0.08821762266547117,-0.19428722231754958,0.0571442979090816,0.7691022761554271,0.6365659573280833
0.20311743925643488,-0.877232494604397,0.4349786848571494,-0.8833438709509069,-0.35582332724290633,-0.3051120539134037,0.42242977111394064,-0.322262176185687,-0.8471718705650522
-0.48119774338968924,0.7828293057064639,-0.3944958933674802,0.08884418805910416,-0.4041544494533462,-0.9103658007829497,-0.8720982983613654,-0.47311463633478745,0.12492837500348941
-0.765888340711264,0.20686493741599982,0.6087872758447089,0.030571176285357937,-0.9340440935727827,0.3558469255766149,0.642246411234097,0.2911503545072096,0.7090493765086106
0.2540209353932136,-0.4240051794087495,-0.8693060290924657,0.7586571572815813,0.6448419113339228,-0.09283440683627564,0.5999272306600081,-0.6359233579778049,0.4854779095806996
-0.7872609479671357,-0.5978157813554209,-0.15111747539015538,-0.24842131561331007,0.531801240182784,-0.8096136676767538,0.5643642881639825,-0.5998364214537664,-0.5671765313751094
-0.2554087164311949,-0.9590034833295848,-0.12279538481837299,0.5400242689057482,-0.24685247374066166,0.8046351006517974,-0.8019602088406768,0.13919833034141893,0.5809334284290925
-0.2756163374460856,0.7504405443368214,-0.6007284111378963,-0.13678188035062494,-0.6491914209730554,-0.7482253779061045,-0.9514863907279774,-0.12405437658720891,0.28157443049574993
0.11377704669607691,0.6345714846000293,-0.7644434672215032,0.8938200594176363,0.2705473891020238,0.35761685031990786,0.43375163979836673,-0.7239634943715,-0.536410639146573
-0.39002164083671564,0.5806967849770116,-0.7146148358356396,0.7990737456835512,0.5990911403512302,0.050704580778484776,0.4575634039543538,-0.551254069799058,-0.6976780646485023
0.7107585099593694,0.20886374781742417,0.6717129411943739,0.300702478412229,-0.9534709202238167,-0.021707689059203797,0.6359248068734855,0.21741467092909705,-0.740493417167035
-0.1604981502984486,0.9748837899811607,0.15440835399273087,0.976756821197575,0.17938945627207414,-0.11732661770637416,-0.1420790484018827,0.13198870788964345,-0.9810160676537554
0.08668534210142953,0.6450788282027261,0.7591830852102515,-0.9055882580726259,0.3686264152628862,-0.20982009630019083,-0.4152054410839836,-0.6693189608662166,0.6161303192663243
-0.7362658379606952,0.4379179763216965,0.5158880322961045,0.1134849470850813,0.8314765007759771,-0.543845562124426,-0.6671085238828333,-0.34186938247179544,-0.6618848409589251
0.5368181089920192,0.44752187147037625,-0.7152275808537338,0.8370068002454197,-0.17593207118387566,0.518138516877365,0.10604684908641321,-0.8767964877236926,-0.4690223714432391
0.6969984431843672,-0.6792345496904626,-0.22985559968241606,0.603533879030338,0.728778981876244,-0.3234625982057566,0.38722090214909877,0.08672728568460975,0.9178988783393398
0.7677188425884278,0.5360624104559916,-0.3510624884985533,-0.6284759026980943,0.5230351205838418,-0.5757189438985499,-0.12500327380712994,0.6626245956285943,0.7384462247215715
-0.24489014262177267,-0.9013432351640789,-0.3572242859474148,-0.4866795489865414,-0.20438398235110977,0.8493351543157498,-0.838553417884004,0.3818475614459961,-0.3886136965841551
-0.5702665617127185,-0.48097647193639403,0.6659261836239605,0.6793581747640676,0.17960060920162535,0.7114886447130687,-0.461810046419075,0.8581405797525391,0.2243350761882491
0.6083198880133658,-0.3779703381784461,-0.697914992892886,0.4704895112827549,-0.5364491431319296,0.7006153984933053,-0.6392077390178568,-0.7545599646749684,-0.14850160298592674
-0.10327604915858513,0.4957647850305271,0.862294227972001,-0.05345186662617374,-0.868443498163127,0.4928983550919692,0.9932154628399477,0.004813358684585101,0.11618896657515398
-0.2821044737264855,0.8845345742566112,-0.3715045798481884,-0.7638368130247689,-0.4413828846351646,-0.470886899604678,-0.5804915063734075,0.15092957329767206,0.800156156592271
-0.9001321117311964,0.2690193432148173,0.3426233710747202,-0.04747548621062557,-0.8424221683909903,0.5367224314415104,0.4330222391972516,0.4668548844980531,0.7710630695221421
0.12808305540687182,0.5620740717231699,0.8171092147407084,0.96374628292974,-0.26498851623491904,0.031211991329064492,0.2340680094689358,0.783488241239237,-0.5756373361614908
0.7421603856349792,0.2533505048518138,-0.620492936048002,0.6702167246805941,-0.2843253822356131,0.6855425726933293,-0.0027393343270799564,-0.9246472834048143,-0.3808147808837532
0.40275907264775224,-0.7167837029035028,0.5692154711986187,0.2827250913396293,-0.4940508465463258,-0.8221802015092899,0.8705467547047204,0.4920720315957833,0.003669277078315658
0.41507067945146414,-0.72624898331482,-0.5479769569004613,-0.46665382466878014,-0.6869945838988147,0.5570212290529808,-0.7809933027764702,0.024512362756049344,-0.6240581744440308
0.08201401341570758,-0.5325846632200771,0.8423937785300918,0.25980701521387095,-0.8045909978014243,-0.5339790642923823,0.9621715109319687,0.2626535793772202,0.07238149481204925
0.5072882789876857,0.42062639041192906,0.752151608181983,0.7589610563847954,0.19536673913187397,-0.6211360174166796,-0.408211607984128,0.885948800399893,-0.22013179274471661
-0.8554922990788856,0.373760446275554,0.3583797636817978,0.2512322845542532,0.9047777233504354,-0.34388895086416155,-0.4527861144231051,-0.20415778243481603,-0.8679310654982486
-0.1456249990329943,0.55243016445006,0.8207400764324353,0.6928545785467561,0.6491269125583473,-0.3139853251017706,-0.7062194366083654,0.5229294070887076,-0.4772828747801614
0.6764230358887825,-0.3028425905474027,-0.6713704207585713,-0.7313539242657326,-0.16847902958455574,-0.6608602379106792,0.087024789457464,0.9380304802834418,-0.33544821370682465
0.35524035222935446,0.9276315169241085,-0.11534323108462621,0.7612346042889426,-0.3586925546080175,-0.5402421017486796,-0.5425183585658838,0.10411253564221412,-0.8335672801526743
-0.8526684916846488,-0.17929953136093316,0.4907220408153437,0.11065087009615057,-0.9799348919556456,-0.1657829679877943,0.5106004585144739,-0.08705909246958048,0.8553992554258988
0.34760573481112156,-0.0070139797321222275,0.9376145568487817,0.4584191455920902,-0.8710402264892154,-0.17646759133686168,0.8179377360661617,0.4911616108023234,-0.2995632353828295
-0.2130297283008009,0.7469341480754883,-0.6298473730189176,-0.9658111981497199,-0.25846208303862683,0.020151455528975903,-0.14773985375885978,0.6126065050830578,0.7764574718175055
0.43338060890892394,0.7077283345342261,0.5579443093348482,0.35893861096965074,0.4323302862930798,-0.8271962264837294,-0.826646430692656,0.5587585597117541,-0.06666746261811496
0.8887385366822277,-0.13818408077236485,0.437091492981766,0.22749951201408494,0.9607354719735627,-0.1588437122617351,-0.3979796294401083,0.24060862975552688,0.8852794484443214
0.3932670920033121,0.5250778616214283,0.7547411699267018,0.8932212910562435,-0.02361193887608115,-0.44899688367106677,-0.21793742118111759,0.8507265809750981,-0.47829652400090006
-0.2179892831321919,0.7918825812240295,-0.5704407506424147,-0.4691312199800828,-0.5975622580217972,-0.6502578305779105,-0.8558017123607036,0.12586232693645727,0.5017590096636312
-0.6451413041195944,-0.7454337282502291,-0.16769393103458446,-0.03842984947770556,-0.18754140538919262,0.9815046448864962,-0.7630962222341224,0.6396536391294977,0.09234380087694449
0.2838052674852195,0.7888460366428989,-0.5451389736759179,0.6074032260381079,-0.5878050789057794,-0.5343655211660547,-0.741967580926648,-0.17946342158044498,-0.6459698051522975
0.3247666451486476,-0.12142537483105593,-0.9379672193344659,-0.1652252292350167,0.9691904650366228,-0.18267584981691254,0.9312503690324792,0.21430287172418516,0.2946982004485925
-0.4645449882644006,-0.884984755367992,-0.03162177485030428,-0.8831916404811976,0.4604085288172777,0.08942322280281025,-0.06457925411894269,0.06946919719246368,-0.9954916125105604
-0.4405441739795348,0.6676561708464396,0.6001300428268521,0.8964904880018566,0.29205654284943794,0.333178301665981,0.04717664353133322,0.6847906346537636,-0.7272112148445
-0.23728213908931206,-0.38102350788829537,0.8935984964768562,0.11017086115576391,0.9033797050449005,0.4144484164105179,-0.9651733356353134,0.19678972267241682,-0.17237818083828227
0.1816165492878984,0.052359891333308095,0.9819744756378959,0.8455749916666653,0.5014649087641517,-0.1831280392132238,-0.5020143050677695,0.8635921416141565,0.04680011164088649
